0 0.903127 0.920717 0.901904 0.920717 0.901730 0.920476 0.901730 0.919755 0.900507 0.919755 0.900332 0.919514 0.900332 0.918792 0.897711 0.918792 0.897711 0.919514 0.897537 0.919755 0.896314 0.919755 0.896314 0.920476 0.896139 0.920717 0.895615 0.920717 0.895615 0.921439 0.895440 0.921679 0.894916 0.921679 0.894916 0.923364 0.894741 0.923604 0.894217 0.923604 0.894217 0.928176 0.894043 0.928417 0.892121 0.928417 0.891946 0.928176 0.891946 0.927454 0.890723 0.927454 0.890723 0.928176 0.890549 0.928417 0.890024 0.928417 0.890024 0.929139 0.889850 0.929379 0.889326 0.929379 0.889326 0.930101 0.889151 0.930342 0.888627 0.930342 0.888627 0.931064 0.888452 0.931304 0.887928 0.931304 0.887928 0.932026 0.887753 0.932267 0.887229 0.932267 0.887229 0.937801 0.887753 0.937801 0.887928 0.938041 0.887928 0.938763 0.889850 0.938763 0.889850 0.938041 0.889326 0.938041 0.889151 0.937801 0.889151 0.936116 0.888627 0.936116 0.888452 0.935876 0.888452 0.932267 0.888627 0.932026 0.889151 0.932026 0.889151 0.931304 0.889326 0.931064 0.889850 0.931064 0.889850 0.930342 0.890024 0.930101 0.895440 0.930101 0.895615 0.930342 0.895615 0.931064 0.896139 0.931064 0.896314 0.931304 0.896314 0.932026 0.897537 0.932026 0.897711 0.932267 0.897711 0.932988 0.901730 0.932988 0.901730 0.932267 0.901904 0.932026 0.903127 0.932026 0.903127 0.931304 0.903302 0.931064 0.903826 0.931064 0.903826 0.929379 0.904001 0.929139 0.904525 0.929139 0.904525 0.924567 0.904001 0.924567 0.903826 0.924326 0.903826 0.922642 0.903302 0.922642 0.903127 0.922401
0 0.764064 0.920717 0.762841 0.920717 0.762666 0.920476 0.762666 0.919755 0.761443 0.919755 0.761268 0.919514 0.761268 0.918792 0.758648 0.918792 0.758648 0.919514 0.758473 0.919755 0.757250 0.919755 0.757250 0.920476 0.757075 0.920717 0.756551 0.920717 0.756551 0.921439 0.756377 0.921679 0.755853 0.921679 0.755853 0.923364 0.755678 0.923604 0.755154 0.923604 0.755154 0.928176 0.754979 0.928417 0.753057 0.928417 0.752883 0.928176 0.752883 0.927454 0.751660 0.927454 0.751660 0.928176 0.751485 0.928417 0.750961 0.928417 0.750961 0.929139 0.750786 0.929379 0.750262 0.929379 0.750262 0.930101 0.750087 0.930342 0.749563 0.930342 0.749563 0.931064 0.749389 0.931304 0.748864 0.931304 0.748864 0.932026 0.748690 0.932267 0.748166 0.932267 0.748166 0.937801 0.748690 0.937801 0.748864 0.938041 0.748864 0.938763 0.750786 0.938763 0.750786 0.938041 0.750262 0.938041 0.750087 0.937801 0.750087 0.936116 0.749563 0.936116 0.749389 0.935876 0.749389 0.932267 0.749563 0.932026 0.750087 0.932026 0.750087 0.931304 0.750262 0.931064 0.750786 0.931064 0.750786 0.930342 0.750961 0.930101 0.756377 0.930101 0.756551 0.930342 0.756551 0.931064 0.757075 0.931064 0.757250 0.931304 0.757250 0.932026 0.758473 0.932026 0.758648 0.932267 0.758648 0.932988 0.762666 0.932988 0.762666 0.932267 0.762841 0.932026 0.764064 0.932026 0.764064 0.931304 0.764238 0.931064 0.764762 0.931064 0.764762 0.929379 0.764937 0.929139 0.765461 0.929139 0.765461 0.924567 0.764937 0.924567 0.764762 0.924326 0.764762 0.922642 0.764238 0.922642 0.764064 0.922401
0 0.625000 0.920717 0.623777 0.920717 0.623602 0.920476 0.623602 0.919755 0.622379 0.919755 0.622205 0.919514 0.622205 0.918792 0.619584 0.918792 0.619584 0.919514 0.619410 0.919755 0.618187 0.919755 0.618187 0.920476 0.618012 0.920717 0.617488 0.920717 0.617488 0.921439 0.617313 0.921679 0.616789 0.921679 0.616789 0.923364 0.616614 0.923604 0.616090 0.923604 0.616090 0.928176 0.615915 0.928417 0.613994 0.928417 0.613819 0.928176 0.613819 0.927454 0.612596 0.927454 0.612596 0.928176 0.612421 0.928417 0.611897 0.928417 0.611897 0.929139 0.611723 0.929379 0.611198 0.929379 0.611198 0.930101 0.611024 0.930342 0.610500 0.930342 0.610500 0.931064 0.610325 0.931304 0.609801 0.931304 0.609801 0.932026 0.609626 0.932267 0.609102 0.932267 0.609102 0.937801 0.609626 0.937801 0.609801 0.938041 0.609801 0.938763 0.611723 0.938763 0.611723 0.938041 0.611198 0.938041 0.611024 0.937801 0.611024 0.936116 0.610500 0.936116 0.610325 0.935876 0.610325 0.932267 0.610500 0.932026 0.611024 0.932026 0.611024 0.931304 0.611198 0.931064 0.611723 0.931064 0.611723 0.930342 0.611897 0.930101 0.617313 0.930101 0.617488 0.930342 0.617488 0.931064 0.618012 0.931064 0.618187 0.931304 0.618187 0.932026 0.619410 0.932026 0.619584 0.932267 0.619584 0.932988 0.623602 0.932988 0.623602 0.932267 0.623777 0.932026 0.625000 0.932026 0.625000 0.931304 0.625175 0.931064 0.625699 0.931064 0.625699 0.929379 0.625874 0.929139 0.626398 0.929139 0.626398 0.924567 0.625874 0.924567 0.625699 0.924326 0.625699 0.922642 0.625175 0.922642 0.625000 0.922401
0 0.485936 0.920717 0.484713 0.920717 0.484539 0.920476 0.484539 0.919755 0.483316 0.919755 0.483141 0.919514 0.483141 0.918792 0.480521 0.918792 0.480521 0.919514 0.480346 0.919755 0.479123 0.919755 0.479123 0.920476 0.478948 0.920717 0.478424 0.920717 0.478424 0.921439 0.478249 0.921679 0.477725 0.921679 0.477725 0.923364 0.477551 0.923604 0.477027 0.923604 0.477027 0.928176 0.476852 0.928417 0.474930 0.928417 0.474755 0.928176 0.474755 0.927454 0.473532 0.927454 0.473532 0.928176 0.473358 0.928417 0.472834 0.928417 0.472834 0.929139 0.472659 0.929379 0.472135 0.929379 0.472135 0.930101 0.471960 0.930342 0.471436 0.930342 0.471436 0.931064 0.471261 0.931304 0.470737 0.931304 0.470737 0.932026 0.470563 0.932267 0.470038 0.932267 0.470038 0.937801 0.470563 0.937801 0.470737 0.938041 0.470737 0.938763 0.472659 0.938763 0.472659 0.938041 0.472135 0.938041 0.471960 0.937801 0.471960 0.936116 0.471436 0.936116 0.471261 0.935876 0.471261 0.932267 0.471436 0.932026 0.471960 0.932026 0.471960 0.931304 0.472135 0.931064 0.472659 0.931064 0.472659 0.930342 0.472834 0.930101 0.478249 0.930101 0.478424 0.930342 0.478424 0.931064 0.478948 0.931064 0.479123 0.931304 0.479123 0.932026 0.480346 0.932026 0.480521 0.932267 0.480521 0.932988 0.484539 0.932988 0.484539 0.932267 0.484713 0.932026 0.485936 0.932026 0.485936 0.931304 0.486111 0.931064 0.486635 0.931064 0.486635 0.929379 0.486810 0.929139 0.487334 0.929139 0.487334 0.924567 0.486810 0.924567 0.486635 0.924326 0.486635 0.922642 0.486111 0.922642 0.485936 0.922401
0 0.346873 0.920717 0.345650 0.920717 0.345475 0.920476 0.345475 0.919755 0.344252 0.919755 0.344078 0.919514 0.344078 0.918792 0.341457 0.918792 0.341457 0.919514 0.341282 0.919755 0.340059 0.919755 0.340059 0.920476 0.339885 0.920717 0.339361 0.920717 0.339361 0.921439 0.339186 0.921679 0.338662 0.921679 0.338662 0.923364 0.338487 0.923604 0.337963 0.923604 0.337963 0.928176 0.337788 0.928417 0.335867 0.928417 0.335692 0.928176 0.335692 0.927454 0.334469 0.927454 0.334469 0.928176 0.334294 0.928417 0.333770 0.928417 0.333770 0.929139 0.333595 0.929379 0.333071 0.929379 0.333071 0.930101 0.332897 0.930342 0.332372 0.930342 0.332372 0.931064 0.332198 0.931304 0.331674 0.931304 0.331674 0.932026 0.331499 0.932267 0.330975 0.932267 0.330975 0.937801 0.331499 0.937801 0.331674 0.938041 0.331674 0.938763 0.333595 0.938763 0.333595 0.938041 0.333071 0.938041 0.332897 0.937801 0.332897 0.936116 0.332372 0.936116 0.332198 0.935876 0.332198 0.932267 0.332372 0.932026 0.332897 0.932026 0.332897 0.931304 0.333071 0.931064 0.333595 0.931064 0.333595 0.930342 0.333770 0.930101 0.339186 0.930101 0.339361 0.930342 0.339361 0.931064 0.339885 0.931064 0.340059 0.931304 0.340059 0.932026 0.341282 0.932026 0.341457 0.932267 0.341457 0.932988 0.345475 0.932988 0.345475 0.932267 0.345650 0.932026 0.346873 0.932026 0.346873 0.931304 0.347048 0.931064 0.347572 0.931064 0.347572 0.929379 0.347746 0.929139 0.348270 0.929139 0.348270 0.924567 0.347746 0.924567 0.347572 0.924326 0.347572 0.922642 0.347048 0.922642 0.346873 0.922401
0 0.207110 0.920717 0.205887 0.920717 0.205713 0.920476 0.205713 0.919755 0.204490 0.919755 0.204315 0.919514 0.204315 0.918792 0.201695 0.918792 0.201695 0.919514 0.201520 0.919755 0.200297 0.919755 0.200297 0.920476 0.200122 0.920717 0.199598 0.920717 0.199598 0.921439 0.199423 0.921679 0.198899 0.921679 0.198899 0.923364 0.198725 0.923604 0.198201 0.923604 0.198201 0.928176 0.198026 0.928417 0.196104 0.928417 0.195929 0.928176 0.195929 0.927454 0.194706 0.927454 0.194706 0.928176 0.194532 0.928417 0.194008 0.928417 0.194008 0.929139 0.193833 0.929379 0.193309 0.929379 0.193309 0.930101 0.193134 0.930342 0.192610 0.930342 0.192610 0.931064 0.192435 0.931304 0.191911 0.931304 0.191911 0.932026 0.191737 0.932267 0.191212 0.932267 0.191212 0.937801 0.191737 0.937801 0.191911 0.938041 0.191911 0.938763 0.193833 0.938763 0.193833 0.938041 0.193309 0.938041 0.193134 0.937801 0.193134 0.936116 0.192610 0.936116 0.192435 0.935876 0.192435 0.932267 0.192610 0.932026 0.193134 0.932026 0.193134 0.931304 0.193309 0.931064 0.193833 0.931064 0.193833 0.930342 0.194008 0.930101 0.199423 0.930101 0.199598 0.930342 0.199598 0.931064 0.200122 0.931064 0.200297 0.931304 0.200297 0.932026 0.201520 0.932026 0.201695 0.932267 0.201695 0.932988 0.205713 0.932988 0.205713 0.932267 0.205887 0.932026 0.207110 0.932026 0.207110 0.931304 0.207285 0.931064 0.207809 0.931064 0.207809 0.929379 0.207984 0.929139 0.208508 0.929139 0.208508 0.924567 0.207984 0.924567 0.207809 0.924326 0.207809 0.922642 0.207285 0.922642 0.207110 0.922401
0 0.068047 0.920717 0.066824 0.920717 0.066649 0.920476 0.066649 0.919755 0.065426 0.919755 0.065252 0.919514 0.065252 0.918792 0.062631 0.918792 0.062631 0.919514 0.062456 0.919755 0.061233 0.919755 0.061233 0.920476 0.061059 0.920717 0.060535 0.920717 0.060535 0.921439 0.060360 0.921679 0.059836 0.921679 0.059836 0.923364 0.059661 0.923604 0.059137 0.923604 0.059137 0.928176 0.058962 0.928417 0.057041 0.928417 0.056866 0.928176 0.056866 0.927454 0.055643 0.927454 0.055643 0.928176 0.055468 0.928417 0.054944 0.928417 0.054944 0.929139 0.054769 0.929379 0.054245 0.929379 0.054245 0.930101 0.054071 0.930342 0.053546 0.930342 0.053546 0.931064 0.053372 0.931304 0.052848 0.931304 0.052848 0.932026 0.052673 0.932267 0.052149 0.932267 0.052149 0.937801 0.052673 0.937801 0.052848 0.938041 0.052848 0.938763 0.054769 0.938763 0.054769 0.938041 0.054245 0.938041 0.054071 0.937801 0.054071 0.936116 0.053546 0.936116 0.053372 0.935876 0.053372 0.932267 0.053546 0.932026 0.054071 0.932026 0.054071 0.931304 0.054245 0.931064 0.054769 0.931064 0.054769 0.930342 0.054944 0.930101 0.060360 0.930101 0.060535 0.930342 0.060535 0.931064 0.061059 0.931064 0.061233 0.931304 0.061233 0.932026 0.062456 0.932026 0.062631 0.932267 0.062631 0.932988 0.066649 0.932988 0.066649 0.932267 0.066824 0.932026 0.068047 0.932026 0.068047 0.931304 0.068222 0.931064 0.068746 0.931064 0.068746 0.929379 0.068920 0.929139 0.069444 0.929139 0.069444 0.924567 0.068920 0.924567 0.068746 0.924326 0.068746 0.922642 0.068222 0.922642 0.068047 0.922401
0 0.901205 0.913017 0.901205 0.916627 0.901031 0.916867 0.900507 0.916867 0.900507 0.917589 0.903826 0.917589 0.904001 0.917830 0.904001 0.919514 0.905224 0.919514 0.905398 0.919755 0.905398 0.920476 0.905922 0.920476 0.906097 0.920717 0.906097 0.921439 0.906621 0.921439 0.906796 0.921679 0.906796 0.922401 0.907320 0.922401 0.907495 0.922642 0.907495 0.923364 0.908019 0.923364 0.908019 0.922642 0.908194 0.922401 0.908718 0.922401 0.908718 0.921679 0.907495 0.921679 0.907320 0.921439 0.907320 0.920717 0.906796 0.920717 0.906621 0.920476 0.906621 0.919755 0.906097 0.919755 0.905922 0.919514 0.905922 0.918792 0.905398 0.918792 0.905224 0.918552 0.905224 0.915905 0.905398 0.915664 0.905922 0.915664 0.905922 0.914942 0.906097 0.914702 0.907320 0.914702 0.907320 0.913980 0.906097 0.913980 0.905922 0.913739 0.905922 0.913017
0 0.762142 0.913017 0.762142 0.916627 0.761967 0.916867 0.761443 0.916867 0.761443 0.917589 0.764762 0.917589 0.764937 0.917830 0.764937 0.919514 0.766160 0.919514 0.766335 0.919755 0.766335 0.920476 0.766859 0.920476 0.767034 0.920717 0.767034 0.921439 0.767558 0.921439 0.767732 0.921679 0.767732 0.922401 0.768256 0.922401 0.768431 0.922642 0.768431 0.923364 0.768955 0.923364 0.768955 0.922642 0.769130 0.922401 0.769654 0.922401 0.769654 0.921679 0.768431 0.921679 0.768256 0.921439 0.768256 0.920717 0.767732 0.920717 0.767558 0.920476 0.767558 0.919755 0.767034 0.919755 0.766859 0.919514 0.766859 0.918792 0.766335 0.918792 0.766160 0.918552 0.766160 0.915905 0.766335 0.915664 0.766859 0.915664 0.766859 0.914942 0.767034 0.914702 0.768256 0.914702 0.768256 0.913980 0.767034 0.913980 0.766859 0.913739 0.766859 0.913017
0 0.623078 0.913017 0.623078 0.916627 0.622904 0.916867 0.622379 0.916867 0.622379 0.917589 0.625699 0.917589 0.625874 0.917830 0.625874 0.919514 0.627096 0.919514 0.627271 0.919755 0.627271 0.920476 0.627795 0.920476 0.627970 0.920717 0.627970 0.921439 0.628494 0.921439 0.628669 0.921679 0.628669 0.922401 0.629193 0.922401 0.629368 0.922642 0.629368 0.923364 0.629892 0.923364 0.629892 0.922642 0.630066 0.922401 0.630590 0.922401 0.630590 0.921679 0.629368 0.921679 0.629193 0.921439 0.629193 0.920717 0.628669 0.920717 0.628494 0.920476 0.628494 0.919755 0.627970 0.919755 0.627795 0.919514 0.627795 0.918792 0.627271 0.918792 0.627096 0.918552 0.627096 0.915905 0.627271 0.915664 0.627795 0.915664 0.627795 0.914942 0.627970 0.914702 0.629193 0.914702 0.629193 0.913980 0.627970 0.913980 0.627795 0.913739 0.627795 0.913017
0 0.484015 0.913017 0.484015 0.916627 0.483840 0.916867 0.483316 0.916867 0.483316 0.917589 0.486635 0.917589 0.486810 0.917830 0.486810 0.919514 0.488033 0.919514 0.488208 0.919755 0.488208 0.920476 0.488732 0.920476 0.488906 0.920717 0.488906 0.921439 0.489430 0.921439 0.489605 0.921679 0.489605 0.922401 0.490129 0.922401 0.490304 0.922642 0.490304 0.923364 0.490828 0.923364 0.490828 0.922642 0.491003 0.922401 0.491527 0.922401 0.491527 0.921679 0.490304 0.921679 0.490129 0.921439 0.490129 0.920717 0.489605 0.920717 0.489430 0.920476 0.489430 0.919755 0.488906 0.919755 0.488732 0.919514 0.488732 0.918792 0.488208 0.918792 0.488033 0.918552 0.488033 0.915905 0.488208 0.915664 0.488732 0.915664 0.488732 0.914942 0.488906 0.914702 0.490129 0.914702 0.490129 0.913980 0.488906 0.913980 0.488732 0.913739 0.488732 0.913017
0 0.344951 0.913017 0.344951 0.916627 0.344776 0.916867 0.344252 0.916867 0.344252 0.917589 0.347572 0.917589 0.347746 0.917830 0.347746 0.919514 0.348969 0.919514 0.349144 0.919755 0.349144 0.920476 0.349668 0.920476 0.349843 0.920717 0.349843 0.921439 0.350367 0.921439 0.350542 0.921679 0.350542 0.922401 0.351066 0.922401 0.351240 0.922642 0.351240 0.923364 0.351765 0.923364 0.351765 0.922642 0.351939 0.922401 0.352463 0.922401 0.352463 0.921679 0.351240 0.921679 0.351066 0.921439 0.351066 0.920717 0.350542 0.920717 0.350367 0.920476 0.350367 0.919755 0.349843 0.919755 0.349668 0.919514 0.349668 0.918792 0.349144 0.918792 0.348969 0.918552 0.348969 0.915905 0.349144 0.915664 0.349668 0.915664 0.349668 0.914942 0.349843 0.914702 0.351066 0.914702 0.351066 0.913980 0.349843 0.913980 0.349668 0.913739 0.349668 0.913017
0 0.205189 0.913017 0.205189 0.916627 0.205014 0.916867 0.204490 0.916867 0.204490 0.917589 0.207809 0.917589 0.207984 0.917830 0.207984 0.919514 0.209207 0.919514 0.209382 0.919755 0.209382 0.920476 0.209906 0.920476 0.210080 0.920717 0.210080 0.921439 0.210604 0.921439 0.210779 0.921679 0.210779 0.922401 0.211303 0.922401 0.211478 0.922642 0.211478 0.923364 0.212002 0.923364 0.212002 0.922642 0.212177 0.922401 0.212701 0.922401 0.212701 0.921679 0.211478 0.921679 0.211303 0.921439 0.211303 0.920717 0.210779 0.920717 0.210604 0.920476 0.210604 0.919755 0.210080 0.919755 0.209906 0.919514 0.209906 0.918792 0.209382 0.918792 0.209207 0.918552 0.209207 0.915905 0.209382 0.915664 0.209906 0.915664 0.209906 0.914942 0.210080 0.914702 0.211303 0.914702 0.211303 0.913980 0.210080 0.913980 0.209906 0.913739 0.209906 0.913017
0 0.066125 0.913017 0.066125 0.916627 0.065950 0.916867 0.065426 0.916867 0.065426 0.917589 0.068746 0.917589 0.068920 0.917830 0.068920 0.919514 0.070143 0.919514 0.070318 0.919755 0.070318 0.920476 0.070842 0.920476 0.071017 0.920717 0.071017 0.921439 0.071541 0.921439 0.071716 0.921679 0.071716 0.922401 0.072240 0.922401 0.072414 0.922642 0.072414 0.923364 0.072939 0.923364 0.072939 0.922642 0.073113 0.922401 0.073637 0.922401 0.073637 0.921679 0.072414 0.921679 0.072240 0.921439 0.072240 0.920717 0.071716 0.920717 0.071541 0.920476 0.071541 0.919755 0.071017 0.919755 0.070842 0.919514 0.070842 0.918792 0.070318 0.918792 0.070143 0.918552 0.070143 0.915905 0.070318 0.915664 0.070842 0.915664 0.070842 0.914942 0.071017 0.914702 0.072240 0.914702 0.072240 0.913980 0.071017 0.913980 0.070842 0.913739 0.070842 0.913017
0 0.905398 0.907243 0.905398 0.907964 0.905922 0.907964 0.906097 0.908205 0.906097 0.908927 0.907320 0.908927 0.907495 0.909167 0.907495 0.909889 0.908019 0.909889 0.908194 0.910130 0.908194 0.910852 0.908718 0.910852 0.908892 0.911092 0.908892 0.914702 0.912212 0.914702 0.912212 0.913980 0.911688 0.913980 0.911513 0.913739 0.911513 0.913017 0.910989 0.913017 0.910814 0.912777 0.910814 0.912055 0.910290 0.912055 0.910115 0.911814 0.910115 0.911092 0.909591 0.911092 0.909416 0.910852 0.909416 0.910130 0.908892 0.910130 0.908718 0.909889 0.908718 0.909167 0.908194 0.909167 0.908019 0.908927 0.908019 0.908205 0.907495 0.908205 0.907320 0.907964 0.907320 0.906280 0.906097 0.906280 0.906097 0.907002 0.905922 0.907243
0 0.766335 0.907243 0.766335 0.907964 0.766859 0.907964 0.767034 0.908205 0.767034 0.908927 0.768256 0.908927 0.768431 0.909167 0.768431 0.909889 0.768955 0.909889 0.769130 0.910130 0.769130 0.910852 0.769654 0.910852 0.769829 0.911092 0.769829 0.914702 0.773148 0.914702 0.773148 0.913980 0.772624 0.913980 0.772449 0.913739 0.772449 0.913017 0.771925 0.913017 0.771751 0.912777 0.771751 0.912055 0.771226 0.912055 0.771052 0.911814 0.771052 0.911092 0.770528 0.911092 0.770353 0.910852 0.770353 0.910130 0.769829 0.910130 0.769654 0.909889 0.769654 0.909167 0.769130 0.909167 0.768955 0.908927 0.768955 0.908205 0.768431 0.908205 0.768256 0.907964 0.768256 0.906280 0.767034 0.906280 0.767034 0.907002 0.766859 0.907243
0 0.627271 0.907243 0.627271 0.907964 0.627795 0.907964 0.627970 0.908205 0.627970 0.908927 0.629193 0.908927 0.629368 0.909167 0.629368 0.909889 0.629892 0.909889 0.630066 0.910130 0.630066 0.910852 0.630590 0.910852 0.630765 0.911092 0.630765 0.914702 0.634085 0.914702 0.634085 0.913980 0.633560 0.913980 0.633386 0.913739 0.633386 0.913017 0.632862 0.913017 0.632687 0.912777 0.632687 0.912055 0.632163 0.912055 0.631988 0.911814 0.631988 0.911092 0.631464 0.911092 0.631289 0.910852 0.631289 0.910130 0.630765 0.910130 0.630590 0.909889 0.630590 0.909167 0.630066 0.909167 0.629892 0.908927 0.629892 0.908205 0.629368 0.908205 0.629193 0.907964 0.629193 0.906280 0.627970 0.906280 0.627970 0.907002 0.627795 0.907243
0 0.488208 0.907243 0.488208 0.907964 0.488732 0.907964 0.488906 0.908205 0.488906 0.908927 0.490129 0.908927 0.490304 0.909167 0.490304 0.909889 0.490828 0.909889 0.491003 0.910130 0.491003 0.910852 0.491527 0.910852 0.491702 0.911092 0.491702 0.914702 0.495021 0.914702 0.495021 0.913980 0.494497 0.913980 0.494322 0.913739 0.494322 0.913017 0.493798 0.913017 0.493623 0.912777 0.493623 0.912055 0.493099 0.912055 0.492925 0.911814 0.492925 0.911092 0.492400 0.911092 0.492226 0.910852 0.492226 0.910130 0.491702 0.910130 0.491527 0.909889 0.491527 0.909167 0.491003 0.909167 0.490828 0.908927 0.490828 0.908205 0.490304 0.908205 0.490129 0.907964 0.490129 0.906280 0.488906 0.906280 0.488906 0.907002 0.488732 0.907243
0 0.349144 0.907243 0.349144 0.907964 0.349668 0.907964 0.349843 0.908205 0.349843 0.908927 0.351066 0.908927 0.351240 0.909167 0.351240 0.909889 0.351765 0.909889 0.351939 0.910130 0.351939 0.910852 0.352463 0.910852 0.352638 0.911092 0.352638 0.914702 0.355957 0.914702 0.355957 0.913980 0.355433 0.913980 0.355259 0.913739 0.355259 0.913017 0.354734 0.913017 0.354560 0.912777 0.354560 0.912055 0.354036 0.912055 0.353861 0.911814 0.353861 0.911092 0.353337 0.911092 0.353162 0.910852 0.353162 0.910130 0.352638 0.910130 0.352463 0.909889 0.352463 0.909167 0.351939 0.909167 0.351765 0.908927 0.351765 0.908205 0.351240 0.908205 0.351066 0.907964 0.351066 0.906280 0.349843 0.906280 0.349843 0.907002 0.349668 0.907243
0 0.209382 0.907243 0.209382 0.907964 0.209906 0.907964 0.210080 0.908205 0.210080 0.908927 0.211303 0.908927 0.211478 0.909167 0.211478 0.909889 0.212002 0.909889 0.212177 0.910130 0.212177 0.910852 0.212701 0.910852 0.212876 0.911092 0.212876 0.914702 0.216195 0.914702 0.216195 0.913980 0.215671 0.913980 0.215496 0.913739 0.215496 0.913017 0.214972 0.913017 0.214797 0.912777 0.214797 0.912055 0.214273 0.912055 0.214099 0.911814 0.214099 0.911092 0.213574 0.911092 0.213400 0.910852 0.213400 0.910130 0.212876 0.910130 0.212701 0.909889 0.212701 0.909167 0.212177 0.909167 0.212002 0.908927 0.212002 0.908205 0.211478 0.908205 0.211303 0.907964 0.211303 0.906280 0.210080 0.906280 0.210080 0.907002 0.209906 0.907243
0 0.070318 0.907243 0.070318 0.907964 0.070842 0.907964 0.071017 0.908205 0.071017 0.908927 0.072240 0.908927 0.072414 0.909167 0.072414 0.909889 0.072939 0.909889 0.073113 0.910130 0.073113 0.910852 0.073637 0.910852 0.073812 0.911092 0.073812 0.914702 0.077131 0.914702 0.077131 0.913980 0.076607 0.913980 0.076433 0.913739 0.076433 0.913017 0.075908 0.913017 0.075734 0.912777 0.075734 0.912055 0.075210 0.912055 0.075035 0.911814 0.075035 0.911092 0.074511 0.911092 0.074336 0.910852 0.074336 0.910130 0.073812 0.910130 0.073637 0.909889 0.073637 0.909167 0.073113 0.909167 0.072939 0.908927 0.072939 0.908205 0.072414 0.908205 0.072240 0.907964 0.072240 0.906280 0.071017 0.906280 0.071017 0.907002 0.070842 0.907243
0 0.912386 0.897618 0.912386 0.898340 0.912212 0.898580 0.911688 0.898580 0.911688 0.899302 0.911513 0.899543 0.910989 0.899543 0.910989 0.900265 0.910814 0.900505 0.910290 0.900505 0.910290 0.901227 0.910115 0.901468 0.909591 0.901468 0.909591 0.902190 0.909416 0.902430 0.908892 0.902430 0.908892 0.904115 0.909416 0.904115 0.909591 0.904355 0.909591 0.905077 0.910115 0.905077 0.910290 0.905318 0.910290 0.906039 0.910814 0.906039 0.910989 0.906280 0.910989 0.907002 0.911513 0.907002 0.911688 0.907243 0.911688 0.907964 0.912212 0.907964 0.912386 0.908205 0.912386 0.908927 0.912911 0.908927 0.913085 0.909167 0.913085 0.909889 0.913609 0.909889 0.913784 0.910130 0.913784 0.910852 0.914308 0.910852 0.914483 0.911092 0.914483 0.911814 0.915007 0.911814 0.915182 0.912055 0.915182 0.913739 0.915706 0.913739 0.915706 0.913017 0.915881 0.912777 0.916405 0.912777 0.916405 0.912055 0.916579 0.911814 0.917103 0.911814 0.917103 0.910130 0.915881 0.910130 0.915706 0.909889 0.915706 0.909167 0.915182 0.909167 0.915007 0.908927 0.915007 0.908205 0.914483 0.908205 0.914308 0.907964 0.914308 0.905318 0.914483 0.905077 0.916405 0.905077 0.916405 0.903393 0.915881 0.903393 0.915706 0.903152 0.915706 0.902430 0.915182 0.902430 0.915007 0.902190 0.915007 0.901468 0.914483 0.901468 0.914483 0.904115 0.914308 0.904355 0.911688 0.904355 0.911513 0.904115 0.911513 0.900505 0.911688 0.900265 0.912212 0.900265 0.912212 0.899543 0.912386 0.899302 0.914308 0.899302 0.914308 0.897618
0 0.773323 0.897618 0.773323 0.898340 0.773148 0.898580 0.772624 0.898580 0.772624 0.899302 0.772449 0.899543 0.771925 0.899543 0.771925 0.900265 0.771751 0.900505 0.771226 0.900505 0.771226 0.901227 0.771052 0.901468 0.770528 0.901468 0.770528 0.902190 0.770353 0.902430 0.769829 0.902430 0.769829 0.904115 0.770353 0.904115 0.770528 0.904355 0.770528 0.905077 0.771052 0.905077 0.771226 0.905318 0.771226 0.906039 0.771751 0.906039 0.771925 0.906280 0.771925 0.907002 0.772449 0.907002 0.772624 0.907243 0.772624 0.907964 0.773148 0.907964 0.773323 0.908205 0.773323 0.908927 0.773847 0.908927 0.774022 0.909167 0.774022 0.909889 0.774546 0.909889 0.774720 0.910130 0.774720 0.910852 0.775245 0.910852 0.775419 0.911092 0.775419 0.911814 0.775943 0.911814 0.776118 0.912055 0.776118 0.913739 0.776642 0.913739 0.776642 0.913017 0.776817 0.912777 0.777341 0.912777 0.777341 0.912055 0.777516 0.911814 0.778040 0.911814 0.778040 0.910130 0.776817 0.910130 0.776642 0.909889 0.776642 0.909167 0.776118 0.909167 0.775943 0.908927 0.775943 0.908205 0.775419 0.908205 0.775245 0.907964 0.775245 0.905318 0.775419 0.905077 0.777341 0.905077 0.777341 0.903393 0.776817 0.903393 0.776642 0.903152 0.776642 0.902430 0.776118 0.902430 0.775943 0.902190 0.775943 0.901468 0.775419 0.901468 0.775419 0.904115 0.775245 0.904355 0.772624 0.904355 0.772449 0.904115 0.772449 0.900505 0.772624 0.900265 0.773148 0.900265 0.773148 0.899543 0.773323 0.899302 0.775245 0.899302 0.775245 0.897618
0 0.634259 0.897618 0.634259 0.898340 0.634085 0.898580 0.633560 0.898580 0.633560 0.899302 0.633386 0.899543 0.632862 0.899543 0.632862 0.900265 0.632687 0.900505 0.632163 0.900505 0.632163 0.901227 0.631988 0.901468 0.631464 0.901468 0.631464 0.902190 0.631289 0.902430 0.630765 0.902430 0.630765 0.904115 0.631289 0.904115 0.631464 0.904355 0.631464 0.905077 0.631988 0.905077 0.632163 0.905318 0.632163 0.906039 0.632687 0.906039 0.632862 0.906280 0.632862 0.907002 0.633386 0.907002 0.633560 0.907243 0.633560 0.907964 0.634085 0.907964 0.634259 0.908205 0.634259 0.908927 0.634783 0.908927 0.634958 0.909167 0.634958 0.909889 0.635482 0.909889 0.635657 0.910130 0.635657 0.910852 0.636181 0.910852 0.636356 0.911092 0.636356 0.911814 0.636880 0.911814 0.637055 0.912055 0.637055 0.913739 0.637579 0.913739 0.637579 0.913017 0.637753 0.912777 0.638277 0.912777 0.638277 0.912055 0.638452 0.911814 0.638976 0.911814 0.638976 0.910130 0.637753 0.910130 0.637579 0.909889 0.637579 0.909167 0.637055 0.909167 0.636880 0.908927 0.636880 0.908205 0.636356 0.908205 0.636181 0.907964 0.636181 0.905318 0.636356 0.905077 0.638277 0.905077 0.638277 0.903393 0.637753 0.903393 0.637579 0.903152 0.637579 0.902430 0.637055 0.902430 0.636880 0.902190 0.636880 0.901468 0.636356 0.901468 0.636356 0.904115 0.636181 0.904355 0.633560 0.904355 0.633386 0.904115 0.633386 0.900505 0.633560 0.900265 0.634085 0.900265 0.634085 0.899543 0.634259 0.899302 0.636181 0.899302 0.636181 0.897618
0 0.495196 0.897618 0.495196 0.898340 0.495021 0.898580 0.494497 0.898580 0.494497 0.899302 0.494322 0.899543 0.493798 0.899543 0.493798 0.900265 0.493623 0.900505 0.493099 0.900505 0.493099 0.901227 0.492925 0.901468 0.492400 0.901468 0.492400 0.902190 0.492226 0.902430 0.491702 0.902430 0.491702 0.904115 0.492226 0.904115 0.492400 0.904355 0.492400 0.905077 0.492925 0.905077 0.493099 0.905318 0.493099 0.906039 0.493623 0.906039 0.493798 0.906280 0.493798 0.907002 0.494322 0.907002 0.494497 0.907243 0.494497 0.907964 0.495021 0.907964 0.495196 0.908205 0.495196 0.908927 0.495720 0.908927 0.495894 0.909167 0.495894 0.909889 0.496419 0.909889 0.496593 0.910130 0.496593 0.910852 0.497117 0.910852 0.497292 0.911092 0.497292 0.911814 0.497816 0.911814 0.497991 0.912055 0.497991 0.913739 0.498515 0.913739 0.498515 0.913017 0.498690 0.912777 0.499214 0.912777 0.499214 0.912055 0.499389 0.911814 0.499913 0.911814 0.499913 0.910130 0.498690 0.910130 0.498515 0.909889 0.498515 0.909167 0.497991 0.909167 0.497816 0.908927 0.497816 0.908205 0.497292 0.908205 0.497117 0.907964 0.497117 0.905318 0.497292 0.905077 0.499214 0.905077 0.499214 0.903393 0.498690 0.903393 0.498515 0.903152 0.498515 0.902430 0.497991 0.902430 0.497816 0.902190 0.497816 0.901468 0.497292 0.901468 0.497292 0.904115 0.497117 0.904355 0.494497 0.904355 0.494322 0.904115 0.494322 0.900505 0.494497 0.900265 0.495021 0.900265 0.495021 0.899543 0.495196 0.899302 0.497117 0.899302 0.497117 0.897618
0 0.356132 0.897618 0.356132 0.898340 0.355957 0.898580 0.355433 0.898580 0.355433 0.899302 0.355259 0.899543 0.354734 0.899543 0.354734 0.900265 0.354560 0.900505 0.354036 0.900505 0.354036 0.901227 0.353861 0.901468 0.353337 0.901468 0.353337 0.902190 0.353162 0.902430 0.352638 0.902430 0.352638 0.904115 0.353162 0.904115 0.353337 0.904355 0.353337 0.905077 0.353861 0.905077 0.354036 0.905318 0.354036 0.906039 0.354560 0.906039 0.354734 0.906280 0.354734 0.907002 0.355259 0.907002 0.355433 0.907243 0.355433 0.907964 0.355957 0.907964 0.356132 0.908205 0.356132 0.908927 0.356656 0.908927 0.356831 0.909167 0.356831 0.909889 0.357355 0.909889 0.357530 0.910130 0.357530 0.910852 0.358054 0.910852 0.358229 0.911092 0.358229 0.911814 0.358753 0.911814 0.358927 0.912055 0.358927 0.913739 0.359451 0.913739 0.359451 0.913017 0.359626 0.912777 0.360150 0.912777 0.360150 0.912055 0.360325 0.911814 0.360849 0.911814 0.360849 0.910130 0.359626 0.910130 0.359451 0.909889 0.359451 0.909167 0.358927 0.909167 0.358753 0.908927 0.358753 0.908205 0.358229 0.908205 0.358054 0.907964 0.358054 0.905318 0.358229 0.905077 0.360150 0.905077 0.360150 0.903393 0.359626 0.903393 0.359451 0.903152 0.359451 0.902430 0.358927 0.902430 0.358753 0.902190 0.358753 0.901468 0.358229 0.901468 0.358229 0.904115 0.358054 0.904355 0.355433 0.904355 0.355259 0.904115 0.355259 0.900505 0.355433 0.900265 0.355957 0.900265 0.355957 0.899543 0.356132 0.899302 0.358054 0.899302 0.358054 0.897618
0 0.216370 0.897618 0.216370 0.898340 0.216195 0.898580 0.215671 0.898580 0.215671 0.899302 0.215496 0.899543 0.214972 0.899543 0.214972 0.900265 0.214797 0.900505 0.214273 0.900505 0.214273 0.901227 0.214099 0.901468 0.213574 0.901468 0.213574 0.902190 0.213400 0.902430 0.212876 0.902430 0.212876 0.904115 0.213400 0.904115 0.213574 0.904355 0.213574 0.905077 0.214099 0.905077 0.214273 0.905318 0.214273 0.906039 0.214797 0.906039 0.214972 0.906280 0.214972 0.907002 0.215496 0.907002 0.215671 0.907243 0.215671 0.907964 0.216195 0.907964 0.216370 0.908205 0.216370 0.908927 0.216894 0.908927 0.217068 0.909167 0.217068 0.909889 0.217593 0.909889 0.217767 0.910130 0.217767 0.910852 0.218291 0.910852 0.218466 0.911092 0.218466 0.911814 0.218990 0.911814 0.219165 0.912055 0.219165 0.913739 0.219689 0.913739 0.219689 0.913017 0.219864 0.912777 0.220388 0.912777 0.220388 0.912055 0.220563 0.911814 0.221087 0.911814 0.221087 0.910130 0.219864 0.910130 0.219689 0.909889 0.219689 0.909167 0.219165 0.909167 0.218990 0.908927 0.218990 0.908205 0.218466 0.908205 0.218291 0.907964 0.218291 0.905318 0.218466 0.905077 0.220388 0.905077 0.220388 0.903393 0.219864 0.903393 0.219689 0.903152 0.219689 0.902430 0.219165 0.902430 0.218990 0.902190 0.218990 0.901468 0.218466 0.901468 0.218466 0.904115 0.218291 0.904355 0.215671 0.904355 0.215496 0.904115 0.215496 0.900505 0.215671 0.900265 0.216195 0.900265 0.216195 0.899543 0.216370 0.899302 0.218291 0.899302 0.218291 0.897618
0 0.077306 0.897618 0.077306 0.898340 0.077131 0.898580 0.076607 0.898580 0.076607 0.899302 0.076433 0.899543 0.075908 0.899543 0.075908 0.900265 0.075734 0.900505 0.075210 0.900505 0.075210 0.901227 0.075035 0.901468 0.074511 0.901468 0.074511 0.902190 0.074336 0.902430 0.073812 0.902430 0.073812 0.904115 0.074336 0.904115 0.074511 0.904355 0.074511 0.905077 0.075035 0.905077 0.075210 0.905318 0.075210 0.906039 0.075734 0.906039 0.075908 0.906280 0.075908 0.907002 0.076433 0.907002 0.076607 0.907243 0.076607 0.907964 0.077131 0.907964 0.077306 0.908205 0.077306 0.908927 0.077830 0.908927 0.078005 0.909167 0.078005 0.909889 0.078529 0.909889 0.078704 0.910130 0.078704 0.910852 0.079228 0.910852 0.079403 0.911092 0.079403 0.911814 0.079927 0.911814 0.080101 0.912055 0.080101 0.913739 0.080625 0.913739 0.080625 0.913017 0.080800 0.912777 0.081324 0.912777 0.081324 0.912055 0.081499 0.911814 0.082023 0.911814 0.082023 0.910130 0.080800 0.910130 0.080625 0.909889 0.080625 0.909167 0.080101 0.909167 0.079927 0.908927 0.079927 0.908205 0.079403 0.908205 0.079228 0.907964 0.079228 0.905318 0.079403 0.905077 0.081324 0.905077 0.081324 0.903393 0.080800 0.903393 0.080625 0.903152 0.080625 0.902430 0.080101 0.902430 0.079927 0.902190 0.079927 0.901468 0.079403 0.901468 0.079403 0.904115 0.079228 0.904355 0.076607 0.904355 0.076433 0.904115 0.076433 0.900505 0.076607 0.900265 0.077131 0.900265 0.077131 0.899543 0.077306 0.899302 0.079228 0.899302 0.079228 0.897618
0 0.915182 0.893768 0.915182 0.896415 0.916405 0.896415 0.916579 0.896655 0.916579 0.897377 0.917103 0.897377 0.917278 0.897618 0.917278 0.898340 0.917802 0.898340 0.917977 0.898580 0.917977 0.899302 0.918501 0.899302 0.918676 0.899543 0.918676 0.900265 0.919200 0.900265 0.919375 0.900505 0.919375 0.901227 0.919899 0.901227 0.920073 0.901468 0.920073 0.902190 0.920597 0.902190 0.920772 0.902430 0.920772 0.905077 0.921995 0.905077 0.921995 0.904355 0.922170 0.904115 0.922694 0.904115 0.922694 0.903393 0.922869 0.903152 0.923393 0.903152 0.923393 0.902430 0.922869 0.902430 0.922694 0.902190 0.922694 0.901468 0.921471 0.901468 0.921296 0.901227 0.921296 0.900505 0.920772 0.900505 0.920597 0.900265 0.920597 0.899543 0.920073 0.899543 0.919899 0.899302 0.919899 0.898580 0.919375 0.898580 0.919200 0.898340 0.919200 0.897618 0.918676 0.897618 0.918501 0.897377 0.918501 0.896655 0.917977 0.896655 0.917802 0.896415 0.917802 0.895693 0.917278 0.895693 0.917103 0.895452 0.917103 0.893768
0 0.776118 0.893768 0.776118 0.896415 0.777341 0.896415 0.777516 0.896655 0.777516 0.897377 0.778040 0.897377 0.778215 0.897618 0.778215 0.898340 0.778739 0.898340 0.778913 0.898580 0.778913 0.899302 0.779437 0.899302 0.779612 0.899543 0.779612 0.900265 0.780136 0.900265 0.780311 0.900505 0.780311 0.901227 0.780835 0.901227 0.781010 0.901468 0.781010 0.902190 0.781534 0.902190 0.781709 0.902430 0.781709 0.905077 0.782932 0.905077 0.782932 0.904355 0.783106 0.904115 0.783630 0.904115 0.783630 0.903393 0.783805 0.903152 0.784329 0.903152 0.784329 0.902430 0.783805 0.902430 0.783630 0.902190 0.783630 0.901468 0.782407 0.901468 0.782233 0.901227 0.782233 0.900505 0.781709 0.900505 0.781534 0.900265 0.781534 0.899543 0.781010 0.899543 0.780835 0.899302 0.780835 0.898580 0.780311 0.898580 0.780136 0.898340 0.780136 0.897618 0.779612 0.897618 0.779437 0.897377 0.779437 0.896655 0.778913 0.896655 0.778739 0.896415 0.778739 0.895693 0.778215 0.895693 0.778040 0.895452 0.778040 0.893768
0 0.637055 0.893768 0.637055 0.896415 0.638277 0.896415 0.638452 0.896655 0.638452 0.897377 0.638976 0.897377 0.639151 0.897618 0.639151 0.898340 0.639675 0.898340 0.639850 0.898580 0.639850 0.899302 0.640374 0.899302 0.640549 0.899543 0.640549 0.900265 0.641073 0.900265 0.641247 0.900505 0.641247 0.901227 0.641771 0.901227 0.641946 0.901468 0.641946 0.902190 0.642470 0.902190 0.642645 0.902430 0.642645 0.905077 0.643868 0.905077 0.643868 0.904355 0.644043 0.904115 0.644567 0.904115 0.644567 0.903393 0.644741 0.903152 0.645266 0.903152 0.645266 0.902430 0.644741 0.902430 0.644567 0.902190 0.644567 0.901468 0.643344 0.901468 0.643169 0.901227 0.643169 0.900505 0.642645 0.900505 0.642470 0.900265 0.642470 0.899543 0.641946 0.899543 0.641771 0.899302 0.641771 0.898580 0.641247 0.898580 0.641073 0.898340 0.641073 0.897618 0.640549 0.897618 0.640374 0.897377 0.640374 0.896655 0.639850 0.896655 0.639675 0.896415 0.639675 0.895693 0.639151 0.895693 0.638976 0.895452 0.638976 0.893768
0 0.497991 0.893768 0.497991 0.896415 0.499214 0.896415 0.499389 0.896655 0.499389 0.897377 0.499913 0.897377 0.500087 0.897618 0.500087 0.898340 0.500611 0.898340 0.500786 0.898580 0.500786 0.899302 0.501310 0.899302 0.501485 0.899543 0.501485 0.900265 0.502009 0.900265 0.502184 0.900505 0.502184 0.901227 0.502708 0.901227 0.502883 0.901468 0.502883 0.902190 0.503407 0.902190 0.503581 0.902430 0.503581 0.905077 0.504804 0.905077 0.504804 0.904355 0.504979 0.904115 0.505503 0.904115 0.505503 0.903393 0.505678 0.903152 0.506202 0.903152 0.506202 0.902430 0.505678 0.902430 0.505503 0.902190 0.505503 0.901468 0.504280 0.901468 0.504106 0.901227 0.504106 0.900505 0.503581 0.900505 0.503407 0.900265 0.503407 0.899543 0.502883 0.899543 0.502708 0.899302 0.502708 0.898580 0.502184 0.898580 0.502009 0.898340 0.502009 0.897618 0.501485 0.897618 0.501310 0.897377 0.501310 0.896655 0.500786 0.896655 0.500611 0.896415 0.500611 0.895693 0.500087 0.895693 0.499913 0.895452 0.499913 0.893768
0 0.358927 0.893768 0.358927 0.896415 0.360150 0.896415 0.360325 0.896655 0.360325 0.897377 0.360849 0.897377 0.361024 0.897618 0.361024 0.898340 0.361548 0.898340 0.361723 0.898580 0.361723 0.899302 0.362247 0.899302 0.362421 0.899543 0.362421 0.900265 0.362945 0.900265 0.363120 0.900505 0.363120 0.901227 0.363644 0.901227 0.363819 0.901468 0.363819 0.902190 0.364343 0.902190 0.364518 0.902430 0.364518 0.905077 0.365741 0.905077 0.365741 0.904355 0.365915 0.904115 0.366440 0.904115 0.366440 0.903393 0.366614 0.903152 0.367138 0.903152 0.367138 0.902430 0.366614 0.902430 0.366440 0.902190 0.366440 0.901468 0.365217 0.901468 0.365042 0.901227 0.365042 0.900505 0.364518 0.900505 0.364343 0.900265 0.364343 0.899543 0.363819 0.899543 0.363644 0.899302 0.363644 0.898580 0.363120 0.898580 0.362945 0.898340 0.362945 0.897618 0.362421 0.897618 0.362247 0.897377 0.362247 0.896655 0.361723 0.896655 0.361548 0.896415 0.361548 0.895693 0.361024 0.895693 0.360849 0.895452 0.360849 0.893768
0 0.219165 0.893768 0.219165 0.896415 0.220388 0.896415 0.220563 0.896655 0.220563 0.897377 0.221087 0.897377 0.221261 0.897618 0.221261 0.898340 0.221785 0.898340 0.221960 0.898580 0.221960 0.899302 0.222484 0.899302 0.222659 0.899543 0.222659 0.900265 0.223183 0.900265 0.223358 0.900505 0.223358 0.901227 0.223882 0.901227 0.224057 0.901468 0.224057 0.902190 0.224581 0.902190 0.224755 0.902430 0.224755 0.905077 0.225978 0.905077 0.225978 0.904355 0.226153 0.904115 0.226677 0.904115 0.226677 0.903393 0.226852 0.903152 0.227376 0.903152 0.227376 0.902430 0.226852 0.902430 0.226677 0.902190 0.226677 0.901468 0.225454 0.901468 0.225280 0.901227 0.225280 0.900505 0.224755 0.900505 0.224581 0.900265 0.224581 0.899543 0.224057 0.899543 0.223882 0.899302 0.223882 0.898580 0.223358 0.898580 0.223183 0.898340 0.223183 0.897618 0.222659 0.897618 0.222484 0.897377 0.222484 0.896655 0.221960 0.896655 0.221785 0.896415 0.221785 0.895693 0.221261 0.895693 0.221087 0.895452 0.221087 0.893768
0 0.080101 0.893768 0.080101 0.896415 0.081324 0.896415 0.081499 0.896655 0.081499 0.897377 0.082023 0.897377 0.082198 0.897618 0.082198 0.898340 0.082722 0.898340 0.082897 0.898580 0.082897 0.899302 0.083421 0.899302 0.083595 0.899543 0.083595 0.900265 0.084119 0.900265 0.084294 0.900505 0.084294 0.901227 0.084818 0.901227 0.084993 0.901468 0.084993 0.902190 0.085517 0.902190 0.085692 0.902430 0.085692 0.905077 0.086915 0.905077 0.086915 0.904355 0.087089 0.904115 0.087614 0.904115 0.087614 0.903393 0.087788 0.903152 0.088312 0.903152 0.088312 0.902430 0.087788 0.902430 0.087614 0.902190 0.087614 0.901468 0.086391 0.901468 0.086216 0.901227 0.086216 0.900505 0.085692 0.900505 0.085517 0.900265 0.085517 0.899543 0.084993 0.899543 0.084818 0.899302 0.084818 0.898580 0.084294 0.898580 0.084119 0.898340 0.084119 0.897618 0.083595 0.897618 0.083421 0.897377 0.083421 0.896655 0.082897 0.896655 0.082722 0.896415 0.082722 0.895693 0.082198 0.895693 0.082023 0.895452 0.082023 0.893768
0 0.955538 0.857194 0.954315 0.857194 0.954140 0.856232 0.953616 0.856232 0.953442 0.855269 0.952918 0.855269 0.952743 0.854307 0.952219 0.854307 0.952044 0.853345 0.951520 0.853345 0.951345 0.852382 0.950821 0.852382 0.950646 0.851420 0.949249 0.850217 0.949249 0.848532 0.948026 0.848532 0.948026 0.849254 0.946628 0.850457 0.946628 0.853104 0.944532 0.853345 0.944532 0.854066 0.943833 0.854307 0.943833 0.855029 0.943134 0.855269 0.943134 0.855991 0.942435 0.856232 0.942435 0.856954 0.941737 0.857194 0.941737 0.857916 0.941038 0.858157 0.940164 0.860082 0.939640 0.860082 0.939640 0.861766 0.938242 0.862007 0.938242 0.862729 0.936845 0.863932 0.936845 0.864654 0.937544 0.864894 0.937544 0.867541 0.936845 0.867782 0.936845 0.868503 0.941562 0.868503 0.941737 0.870428 0.939640 0.870669 0.939465 0.869706 0.932652 0.869706 0.932652 0.871391 0.933875 0.871391 0.934050 0.872353 0.934574 0.872353 0.934748 0.873316 0.935273 0.873316 0.935447 0.874278 0.935971 0.874278 0.936146 0.875241 0.936670 0.875241 0.936845 0.876203 0.938242 0.877406 0.938242 0.880053 0.936146 0.880294 0.936146 0.883903 0.935447 0.884143 0.935273 0.885106 0.932652 0.885106 0.932477 0.884143 0.931778 0.883903 0.931778 0.881256 0.932477 0.881015 0.932652 0.880053 0.934574 0.880053 0.934574 0.879331 0.934050 0.879331 0.933176 0.877406 0.931953 0.877406 0.931778 0.880294 0.928983 0.880053 0.928983 0.876444 0.929682 0.876203 0.929857 0.875241 0.931778 0.875241 0.931778 0.873556 0.929857 0.873556 0.929857 0.874278 0.929158 0.874519 0.929158 0.875241 0.928459 0.875481 0.928459 0.876203 0.927760 0.876444 0.927760 0.877166 0.927061 0.877406 0.926188 0.879331 0.925664 0.879331 0.925664 0.880053 0.926887 0.880053 0.927061 0.881015 0.928459 0.882218 0.928459 0.884865 0.926363 0.885106 0.926188 0.884143 0.923567 0.884143 0.923393 0.885106 0.922170 0.885106 0.921995 0.886068 0.920772 0.886068 0.920772 0.886790 0.920073 0.887031 0.919200 0.888956 0.918676 0.888956 0.918676 0.891603 0.917977 0.891843 0.917977 0.892565 0.921296 0.892565 0.921296 0.891843 0.920597 0.891603 0.920597 0.888956 0.921296 0.888715 0.922170 0.886790 0.925489 0.886790 0.925664 0.887753 0.926188 0.887753 0.926363 0.888715 0.926887 0.888715 0.927061 0.889678 0.928459 0.890881 0.928459 0.893527 0.927760 0.893768 0.927760 0.895452 0.927061 0.895693 0.926887 0.896655 0.924965 0.896655 0.924790 0.895693 0.923393 0.894490 0.923393 0.893768 0.921471 0.893768 0.921471 0.894490 0.921995 0.894490 0.922170 0.895452 0.922694 0.895452 0.922869 0.896415 0.924266 0.897618 0.924266 0.899302 0.925489 0.899302 0.925489 0.898580 0.926188 0.898340 0.927061 0.896415 0.928284 0.896415 0.928284 0.894731 0.928983 0.894490 0.928983 0.890881 0.929682 0.890640 0.929682 0.889918 0.928983 0.889678 0.929158 0.885828 0.931080 0.885828 0.931254 0.886790 0.931953 0.887031 0.931953 0.889678 0.933176 0.889678 0.933176 0.888956 0.933875 0.888715 0.933875 0.887993 0.934574 0.887753 0.934574 0.887031 0.935273 0.886790 0.935273 0.886068 0.935971 0.885828 0.936845 0.883903 0.937369 0.883903 0.937369 0.881256 0.939465 0.881015 0.939465 0.880294 0.940863 0.879090 0.940164 0.877406 0.938941 0.877406 0.938767 0.876444 0.938242 0.876444 0.938068 0.875481 0.936670 0.874278 0.936670 0.871631 0.938767 0.871391 0.938941 0.872353 0.943658 0.872353 0.943658 0.871631 0.944357 0.871391 0.944357 0.870669 0.943833 0.870669 0.942959 0.868744 0.941737 0.868744 0.941562 0.867782 0.940164 0.866578 0.940164 0.862969 0.941562 0.862729 0.941737 0.859841 0.943658 0.859841 0.944532 0.861766 0.945755 0.861766 0.945929 0.863691 0.946454 0.863691 0.947327 0.865616 0.950646 0.865616 0.949948 0.863932 0.948725 0.863932 0.948550 0.862969 0.948026 0.862969 0.947851 0.862007 0.947327 0.862007 0.947152 0.861044 0.946628 0.861044 0.946454 0.860082 0.945929 0.860082 0.945755 0.859119 0.944357 0.857916 0.944357 0.855269 0.947152 0.855029 0.947327 0.853104 0.949249 0.853104 0.949423 0.854066 0.949948 0.854066 0.950122 0.855029 0.950646 0.855029 0.950821 0.855991 0.951345 0.855991 0.951520 0.856954 0.952044 0.856954 0.952219 0.857916 0.953616 0.859119 0.953616 0.860804 0.954140 0.860804 0.954140 0.860082 0.955538 0.858879
0 0.816474 0.857194 0.815252 0.857194 0.815077 0.856232 0.814553 0.856232 0.814378 0.855269 0.813854 0.855269 0.813679 0.854307 0.813155 0.854307 0.812980 0.853345 0.812456 0.853345 0.812282 0.852382 0.811758 0.852382 0.811583 0.851420 0.810185 0.850217 0.810185 0.848532 0.808962 0.848532 0.808962 0.849254 0.807565 0.850457 0.807565 0.853104 0.805468 0.853345 0.805468 0.854066 0.804769 0.854307 0.804769 0.855029 0.804071 0.855269 0.804071 0.855991 0.803372 0.856232 0.803372 0.856954 0.802673 0.857194 0.802673 0.857916 0.801974 0.858157 0.801101 0.860082 0.800577 0.860082 0.800577 0.861766 0.799179 0.862007 0.799179 0.862729 0.797781 0.863932 0.797781 0.864654 0.798480 0.864894 0.798480 0.867541 0.797781 0.867782 0.797781 0.868503 0.802498 0.868503 0.802673 0.870428 0.800577 0.870669 0.800402 0.869706 0.793588 0.869706 0.793588 0.871391 0.794811 0.871391 0.794986 0.872353 0.795510 0.872353 0.795685 0.873316 0.796209 0.873316 0.796384 0.874278 0.796908 0.874278 0.797082 0.875241 0.797607 0.875241 0.797781 0.876203 0.799179 0.877406 0.799179 0.880053 0.797082 0.880294 0.797082 0.883903 0.796384 0.884143 0.796209 0.885106 0.793588 0.885106 0.793414 0.884143 0.792715 0.883903 0.792715 0.881256 0.793414 0.881015 0.793588 0.880053 0.795510 0.880053 0.795510 0.879331 0.794986 0.879331 0.794113 0.877406 0.792890 0.877406 0.792715 0.880294 0.789920 0.880053 0.789920 0.876444 0.790618 0.876203 0.790793 0.875241 0.792715 0.875241 0.792715 0.873556 0.790793 0.873556 0.790793 0.874278 0.790094 0.874519 0.790094 0.875241 0.789396 0.875481 0.789396 0.876203 0.788697 0.876444 0.788697 0.877166 0.787998 0.877406 0.787124 0.879331 0.786600 0.879331 0.786600 0.880053 0.787823 0.880053 0.787998 0.881015 0.789396 0.882218 0.789396 0.884865 0.787299 0.885106 0.787124 0.884143 0.784504 0.884143 0.784329 0.885106 0.783106 0.885106 0.782932 0.886068 0.781709 0.886068 0.781709 0.886790 0.781010 0.887031 0.780136 0.888956 0.779612 0.888956 0.779612 0.891603 0.778913 0.891843 0.778913 0.892565 0.782233 0.892565 0.782233 0.891843 0.781534 0.891603 0.781534 0.888956 0.782233 0.888715 0.783106 0.886790 0.786426 0.886790 0.786600 0.887753 0.787124 0.887753 0.787299 0.888715 0.787823 0.888715 0.787998 0.889678 0.789396 0.890881 0.789396 0.893527 0.788697 0.893768 0.788697 0.895452 0.787998 0.895693 0.787823 0.896655 0.785901 0.896655 0.785727 0.895693 0.784329 0.894490 0.784329 0.893768 0.782407 0.893768 0.782407 0.894490 0.782932 0.894490 0.783106 0.895452 0.783630 0.895452 0.783805 0.896415 0.785203 0.897618 0.785203 0.899302 0.786426 0.899302 0.786426 0.898580 0.787124 0.898340 0.787998 0.896415 0.789221 0.896415 0.789221 0.894731 0.789920 0.894490 0.789920 0.890881 0.790618 0.890640 0.790618 0.889918 0.789920 0.889678 0.790094 0.885828 0.792016 0.885828 0.792191 0.886790 0.792890 0.887031 0.792890 0.889678 0.794113 0.889678 0.794113 0.888956 0.794811 0.888715 0.794811 0.887993 0.795510 0.887753 0.795510 0.887031 0.796209 0.886790 0.796209 0.886068 0.796908 0.885828 0.797781 0.883903 0.798305 0.883903 0.798305 0.881256 0.800402 0.881015 0.800402 0.880294 0.801799 0.879090 0.801101 0.877406 0.799878 0.877406 0.799703 0.876444 0.799179 0.876444 0.799004 0.875481 0.797607 0.874278 0.797607 0.871631 0.799703 0.871391 0.799878 0.872353 0.804595 0.872353 0.804595 0.871631 0.805294 0.871391 0.805294 0.870669 0.804769 0.870669 0.803896 0.868744 0.802673 0.868744 0.802498 0.867782 0.801101 0.866578 0.801101 0.862969 0.802498 0.862729 0.802673 0.859841 0.804595 0.859841 0.805468 0.861766 0.806691 0.861766 0.806866 0.863691 0.807390 0.863691 0.808263 0.865616 0.811583 0.865616 0.810884 0.863932 0.809661 0.863932 0.809486 0.862969 0.808962 0.862969 0.808788 0.862007 0.808263 0.862007 0.808089 0.861044 0.807565 0.861044 0.807390 0.860082 0.806866 0.860082 0.806691 0.859119 0.805294 0.857916 0.805294 0.855269 0.808089 0.855029 0.808263 0.853104 0.810185 0.853104 0.810360 0.854066 0.810884 0.854066 0.811059 0.855029 0.811583 0.855029 0.811758 0.855991 0.812282 0.855991 0.812456 0.856954 0.812980 0.856954 0.813155 0.857916 0.814553 0.859119 0.814553 0.860804 0.815077 0.860804 0.815077 0.860082 0.816474 0.858879
0 0.677411 0.857194 0.676188 0.857194 0.676013 0.856232 0.675489 0.856232 0.675314 0.855269 0.674790 0.855269 0.674616 0.854307 0.674092 0.854307 0.673917 0.853345 0.673393 0.853345 0.673218 0.852382 0.672694 0.852382 0.672519 0.851420 0.671122 0.850217 0.671122 0.848532 0.669899 0.848532 0.669899 0.849254 0.668501 0.850457 0.668501 0.853104 0.666405 0.853345 0.666405 0.854066 0.665706 0.854307 0.665706 0.855029 0.665007 0.855269 0.665007 0.855991 0.664308 0.856232 0.664308 0.856954 0.663609 0.857194 0.663609 0.857916 0.662911 0.858157 0.662037 0.860082 0.661513 0.860082 0.661513 0.861766 0.660115 0.862007 0.660115 0.862729 0.658718 0.863932 0.658718 0.864654 0.659416 0.864894 0.659416 0.867541 0.658718 0.867782 0.658718 0.868503 0.663435 0.868503 0.663609 0.870428 0.661513 0.870669 0.661338 0.869706 0.654525 0.869706 0.654525 0.871391 0.655748 0.871391 0.655922 0.872353 0.656447 0.872353 0.656621 0.873316 0.657145 0.873316 0.657320 0.874278 0.657844 0.874278 0.658019 0.875241 0.658543 0.875241 0.658718 0.876203 0.660115 0.877406 0.660115 0.880053 0.658019 0.880294 0.658019 0.883903 0.657320 0.884143 0.657145 0.885106 0.654525 0.885106 0.654350 0.884143 0.653651 0.883903 0.653651 0.881256 0.654350 0.881015 0.654525 0.880053 0.656447 0.880053 0.656447 0.879331 0.655922 0.879331 0.655049 0.877406 0.653826 0.877406 0.653651 0.880294 0.650856 0.880053 0.650856 0.876444 0.651555 0.876203 0.651730 0.875241 0.653651 0.875241 0.653651 0.873556 0.651730 0.873556 0.651730 0.874278 0.651031 0.874519 0.651031 0.875241 0.650332 0.875481 0.650332 0.876203 0.649633 0.876444 0.649633 0.877166 0.648934 0.877406 0.648061 0.879331 0.647537 0.879331 0.647537 0.880053 0.648760 0.880053 0.648934 0.881015 0.650332 0.882218 0.650332 0.884865 0.648235 0.885106 0.648061 0.884143 0.645440 0.884143 0.645266 0.885106 0.644043 0.885106 0.643868 0.886068 0.642645 0.886068 0.642645 0.886790 0.641946 0.887031 0.641073 0.888956 0.640549 0.888956 0.640549 0.891603 0.639850 0.891843 0.639850 0.892565 0.643169 0.892565 0.643169 0.891843 0.642470 0.891603 0.642470 0.888956 0.643169 0.888715 0.644043 0.886790 0.647362 0.886790 0.647537 0.887753 0.648061 0.887753 0.648235 0.888715 0.648760 0.888715 0.648934 0.889678 0.650332 0.890881 0.650332 0.893527 0.649633 0.893768 0.649633 0.895452 0.648934 0.895693 0.648760 0.896655 0.646838 0.896655 0.646663 0.895693 0.645266 0.894490 0.645266 0.893768 0.643344 0.893768 0.643344 0.894490 0.643868 0.894490 0.644043 0.895452 0.644567 0.895452 0.644741 0.896415 0.646139 0.897618 0.646139 0.899302 0.647362 0.899302 0.647362 0.898580 0.648061 0.898340 0.648934 0.896415 0.650157 0.896415 0.650157 0.894731 0.650856 0.894490 0.650856 0.890881 0.651555 0.890640 0.651555 0.889918 0.650856 0.889678 0.651031 0.885828 0.652952 0.885828 0.653127 0.886790 0.653826 0.887031 0.653826 0.889678 0.655049 0.889678 0.655049 0.888956 0.655748 0.888715 0.655748 0.887993 0.656447 0.887753 0.656447 0.887031 0.657145 0.886790 0.657145 0.886068 0.657844 0.885828 0.658718 0.883903 0.659242 0.883903 0.659242 0.881256 0.661338 0.881015 0.661338 0.880294 0.662736 0.879090 0.662037 0.877406 0.660814 0.877406 0.660639 0.876444 0.660115 0.876444 0.659941 0.875481 0.658543 0.874278 0.658543 0.871631 0.660639 0.871391 0.660814 0.872353 0.665531 0.872353 0.665531 0.871631 0.666230 0.871391 0.666230 0.870669 0.665706 0.870669 0.664832 0.868744 0.663609 0.868744 0.663435 0.867782 0.662037 0.866578 0.662037 0.862969 0.663435 0.862729 0.663609 0.859841 0.665531 0.859841 0.666405 0.861766 0.667628 0.861766 0.667802 0.863691 0.668326 0.863691 0.669200 0.865616 0.672519 0.865616 0.671820 0.863932 0.670597 0.863932 0.670423 0.862969 0.669899 0.862969 0.669724 0.862007 0.669200 0.862007 0.669025 0.861044 0.668501 0.861044 0.668326 0.860082 0.667802 0.860082 0.667628 0.859119 0.666230 0.857916 0.666230 0.855269 0.669025 0.855029 0.669200 0.853104 0.671122 0.853104 0.671296 0.854066 0.671820 0.854066 0.671995 0.855029 0.672519 0.855029 0.672694 0.855991 0.673218 0.855991 0.673393 0.856954 0.673917 0.856954 0.674092 0.857916 0.675489 0.859119 0.675489 0.860804 0.676013 0.860804 0.676013 0.860082 0.677411 0.858879
0 0.538347 0.857194 0.537124 0.857194 0.536950 0.856232 0.536426 0.856232 0.536251 0.855269 0.535727 0.855269 0.535552 0.854307 0.535028 0.854307 0.534853 0.853345 0.534329 0.853345 0.534154 0.852382 0.533630 0.852382 0.533456 0.851420 0.532058 0.850217 0.532058 0.848532 0.530835 0.848532 0.530835 0.849254 0.529437 0.850457 0.529437 0.853104 0.527341 0.853345 0.527341 0.854066 0.526642 0.854307 0.526642 0.855029 0.525943 0.855269 0.525943 0.855991 0.525245 0.856232 0.525245 0.856954 0.524546 0.857194 0.524546 0.857916 0.523847 0.858157 0.522973 0.860082 0.522449 0.860082 0.522449 0.861766 0.521052 0.862007 0.521052 0.862729 0.519654 0.863932 0.519654 0.864654 0.520353 0.864894 0.520353 0.867541 0.519654 0.867782 0.519654 0.868503 0.524371 0.868503 0.524546 0.870428 0.522449 0.870669 0.522275 0.869706 0.515461 0.869706 0.515461 0.871391 0.516684 0.871391 0.516859 0.872353 0.517383 0.872353 0.517558 0.873316 0.518082 0.873316 0.518256 0.874278 0.518781 0.874278 0.518955 0.875241 0.519479 0.875241 0.519654 0.876203 0.521052 0.877406 0.521052 0.880053 0.518955 0.880294 0.518955 0.883903 0.518256 0.884143 0.518082 0.885106 0.515461 0.885106 0.515287 0.884143 0.514588 0.883903 0.514588 0.881256 0.515287 0.881015 0.515461 0.880053 0.517383 0.880053 0.517383 0.879331 0.516859 0.879331 0.515985 0.877406 0.514762 0.877406 0.514588 0.880294 0.511792 0.880053 0.511792 0.876444 0.512491 0.876203 0.512666 0.875241 0.514588 0.875241 0.514588 0.873556 0.512666 0.873556 0.512666 0.874278 0.511967 0.874519 0.511967 0.875241 0.511268 0.875481 0.511268 0.876203 0.510570 0.876444 0.510570 0.877166 0.509871 0.877406 0.508997 0.879331 0.508473 0.879331 0.508473 0.880053 0.509696 0.880053 0.509871 0.881015 0.511268 0.882218 0.511268 0.884865 0.509172 0.885106 0.508997 0.884143 0.506377 0.884143 0.506202 0.885106 0.504979 0.885106 0.504804 0.886068 0.503581 0.886068 0.503581 0.886790 0.502883 0.887031 0.502009 0.888956 0.501485 0.888956 0.501485 0.891603 0.500786 0.891843 0.500786 0.892565 0.504106 0.892565 0.504106 0.891843 0.503407 0.891603 0.503407 0.888956 0.504106 0.888715 0.504979 0.886790 0.508298 0.886790 0.508473 0.887753 0.508997 0.887753 0.509172 0.888715 0.509696 0.888715 0.509871 0.889678 0.511268 0.890881 0.511268 0.893527 0.510570 0.893768 0.510570 0.895452 0.509871 0.895693 0.509696 0.896655 0.507774 0.896655 0.507600 0.895693 0.506202 0.894490 0.506202 0.893768 0.504280 0.893768 0.504280 0.894490 0.504804 0.894490 0.504979 0.895452 0.505503 0.895452 0.505678 0.896415 0.507075 0.897618 0.507075 0.899302 0.508298 0.899302 0.508298 0.898580 0.508997 0.898340 0.509871 0.896415 0.511094 0.896415 0.511094 0.894731 0.511792 0.894490 0.511792 0.890881 0.512491 0.890640 0.512491 0.889918 0.511792 0.889678 0.511967 0.885828 0.513889 0.885828 0.514064 0.886790 0.514762 0.887031 0.514762 0.889678 0.515985 0.889678 0.515985 0.888956 0.516684 0.888715 0.516684 0.887993 0.517383 0.887753 0.517383 0.887031 0.518082 0.886790 0.518082 0.886068 0.518781 0.885828 0.519654 0.883903 0.520178 0.883903 0.520178 0.881256 0.522275 0.881015 0.522275 0.880294 0.523672 0.879090 0.522973 0.877406 0.521751 0.877406 0.521576 0.876444 0.521052 0.876444 0.520877 0.875481 0.519479 0.874278 0.519479 0.871631 0.521576 0.871391 0.521751 0.872353 0.526468 0.872353 0.526468 0.871631 0.527166 0.871391 0.527166 0.870669 0.526642 0.870669 0.525769 0.868744 0.524546 0.868744 0.524371 0.867782 0.522973 0.866578 0.522973 0.862969 0.524371 0.862729 0.524546 0.859841 0.526468 0.859841 0.527341 0.861766 0.528564 0.861766 0.528739 0.863691 0.529263 0.863691 0.530136 0.865616 0.533456 0.865616 0.532757 0.863932 0.531534 0.863932 0.531359 0.862969 0.530835 0.862969 0.530660 0.862007 0.530136 0.862007 0.529962 0.861044 0.529437 0.861044 0.529263 0.860082 0.528739 0.860082 0.528564 0.859119 0.527166 0.857916 0.527166 0.855269 0.529962 0.855029 0.530136 0.853104 0.532058 0.853104 0.532233 0.854066 0.532757 0.854066 0.532932 0.855029 0.533456 0.855029 0.533630 0.855991 0.534154 0.855991 0.534329 0.856954 0.534853 0.856954 0.535028 0.857916 0.536426 0.859119 0.536426 0.860804 0.536950 0.860804 0.536950 0.860082 0.538347 0.858879
0 0.399284 0.857194 0.398061 0.857194 0.397886 0.856232 0.397362 0.856232 0.397187 0.855269 0.396663 0.855269 0.396488 0.854307 0.395964 0.854307 0.395790 0.853345 0.395266 0.853345 0.395091 0.852382 0.394567 0.852382 0.394392 0.851420 0.392994 0.850217 0.392994 0.848532 0.391771 0.848532 0.391771 0.849254 0.390374 0.850457 0.390374 0.853104 0.388277 0.853345 0.388277 0.854066 0.387579 0.854307 0.387579 0.855029 0.386880 0.855269 0.386880 0.855991 0.386181 0.856232 0.386181 0.856954 0.385482 0.857194 0.385482 0.857916 0.384783 0.858157 0.383910 0.860082 0.383386 0.860082 0.383386 0.861766 0.381988 0.862007 0.381988 0.862729 0.380590 0.863932 0.380590 0.864654 0.381289 0.864894 0.381289 0.867541 0.380590 0.867782 0.380590 0.868503 0.385307 0.868503 0.385482 0.870428 0.383386 0.870669 0.383211 0.869706 0.376398 0.869706 0.376398 0.871391 0.377621 0.871391 0.377795 0.872353 0.378319 0.872353 0.378494 0.873316 0.379018 0.873316 0.379193 0.874278 0.379717 0.874278 0.379892 0.875241 0.380416 0.875241 0.380590 0.876203 0.381988 0.877406 0.381988 0.880053 0.379892 0.880294 0.379892 0.883903 0.379193 0.884143 0.379018 0.885106 0.376398 0.885106 0.376223 0.884143 0.375524 0.883903 0.375524 0.881256 0.376223 0.881015 0.376398 0.880053 0.378319 0.880053 0.378319 0.879331 0.377795 0.879331 0.376922 0.877406 0.375699 0.877406 0.375524 0.880294 0.372729 0.880053 0.372729 0.876444 0.373428 0.876203 0.373602 0.875241 0.375524 0.875241 0.375524 0.873556 0.373602 0.873556 0.373602 0.874278 0.372904 0.874519 0.372904 0.875241 0.372205 0.875481 0.372205 0.876203 0.371506 0.876444 0.371506 0.877166 0.370807 0.877406 0.369934 0.879331 0.369410 0.879331 0.369410 0.880053 0.370632 0.880053 0.370807 0.881015 0.372205 0.882218 0.372205 0.884865 0.370108 0.885106 0.369934 0.884143 0.367313 0.884143 0.367138 0.885106 0.365915 0.885106 0.365741 0.886068 0.364518 0.886068 0.364518 0.886790 0.363819 0.887031 0.362945 0.888956 0.362421 0.888956 0.362421 0.891603 0.361723 0.891843 0.361723 0.892565 0.365042 0.892565 0.365042 0.891843 0.364343 0.891603 0.364343 0.888956 0.365042 0.888715 0.365915 0.886790 0.369235 0.886790 0.369410 0.887753 0.369934 0.887753 0.370108 0.888715 0.370632 0.888715 0.370807 0.889678 0.372205 0.890881 0.372205 0.893527 0.371506 0.893768 0.371506 0.895452 0.370807 0.895693 0.370632 0.896655 0.368711 0.896655 0.368536 0.895693 0.367138 0.894490 0.367138 0.893768 0.365217 0.893768 0.365217 0.894490 0.365741 0.894490 0.365915 0.895452 0.366440 0.895452 0.366614 0.896415 0.368012 0.897618 0.368012 0.899302 0.369235 0.899302 0.369235 0.898580 0.369934 0.898340 0.370807 0.896415 0.372030 0.896415 0.372030 0.894731 0.372729 0.894490 0.372729 0.890881 0.373428 0.890640 0.373428 0.889918 0.372729 0.889678 0.372904 0.885828 0.374825 0.885828 0.375000 0.886790 0.375699 0.887031 0.375699 0.889678 0.376922 0.889678 0.376922 0.888956 0.377621 0.888715 0.377621 0.887993 0.378319 0.887753 0.378319 0.887031 0.379018 0.886790 0.379018 0.886068 0.379717 0.885828 0.380590 0.883903 0.381115 0.883903 0.381115 0.881256 0.383211 0.881015 0.383211 0.880294 0.384609 0.879090 0.383910 0.877406 0.382687 0.877406 0.382512 0.876444 0.381988 0.876444 0.381813 0.875481 0.380416 0.874278 0.380416 0.871631 0.382512 0.871391 0.382687 0.872353 0.387404 0.872353 0.387404 0.871631 0.388103 0.871391 0.388103 0.870669 0.387579 0.870669 0.386705 0.868744 0.385482 0.868744 0.385307 0.867782 0.383910 0.866578 0.383910 0.862969 0.385307 0.862729 0.385482 0.859841 0.387404 0.859841 0.388277 0.861766 0.389500 0.861766 0.389675 0.863691 0.390199 0.863691 0.391073 0.865616 0.394392 0.865616 0.393693 0.863932 0.392470 0.863932 0.392296 0.862969 0.391771 0.862969 0.391597 0.862007 0.391073 0.862007 0.390898 0.861044 0.390374 0.861044 0.390199 0.860082 0.389675 0.860082 0.389500 0.859119 0.388103 0.857916 0.388103 0.855269 0.390898 0.855029 0.391073 0.853104 0.392994 0.853104 0.393169 0.854066 0.393693 0.854066 0.393868 0.855029 0.394392 0.855029 0.394567 0.855991 0.395091 0.855991 0.395266 0.856954 0.395790 0.856954 0.395964 0.857916 0.397362 0.859119 0.397362 0.860804 0.397886 0.860804 0.397886 0.860082 0.399284 0.858879
0 0.259521 0.857194 0.258298 0.857194 0.258124 0.856232 0.257600 0.856232 0.257425 0.855269 0.256901 0.855269 0.256726 0.854307 0.256202 0.854307 0.256027 0.853345 0.255503 0.853345 0.255328 0.852382 0.254804 0.852382 0.254630 0.851420 0.253232 0.850217 0.253232 0.848532 0.252009 0.848532 0.252009 0.849254 0.250611 0.850457 0.250611 0.853104 0.248515 0.853345 0.248515 0.854066 0.247816 0.854307 0.247816 0.855029 0.247117 0.855269 0.247117 0.855991 0.246419 0.856232 0.246419 0.856954 0.245720 0.857194 0.245720 0.857916 0.245021 0.858157 0.244147 0.860082 0.243623 0.860082 0.243623 0.861766 0.242226 0.862007 0.242226 0.862729 0.240828 0.863932 0.240828 0.864654 0.241527 0.864894 0.241527 0.867541 0.240828 0.867782 0.240828 0.868503 0.245545 0.868503 0.245720 0.870428 0.243623 0.870669 0.243449 0.869706 0.236635 0.869706 0.236635 0.871391 0.237858 0.871391 0.238033 0.872353 0.238557 0.872353 0.238732 0.873316 0.239256 0.873316 0.239430 0.874278 0.239955 0.874278 0.240129 0.875241 0.240653 0.875241 0.240828 0.876203 0.242226 0.877406 0.242226 0.880053 0.240129 0.880294 0.240129 0.883903 0.239430 0.884143 0.239256 0.885106 0.236635 0.885106 0.236461 0.884143 0.235762 0.883903 0.235762 0.881256 0.236461 0.881015 0.236635 0.880053 0.238557 0.880053 0.238557 0.879331 0.238033 0.879331 0.237159 0.877406 0.235936 0.877406 0.235762 0.880294 0.232966 0.880053 0.232966 0.876444 0.233665 0.876203 0.233840 0.875241 0.235762 0.875241 0.235762 0.873556 0.233840 0.873556 0.233840 0.874278 0.233141 0.874519 0.233141 0.875241 0.232442 0.875481 0.232442 0.876203 0.231744 0.876444 0.231744 0.877166 0.231045 0.877406 0.230171 0.879331 0.229647 0.879331 0.229647 0.880053 0.230870 0.880053 0.231045 0.881015 0.232442 0.882218 0.232442 0.884865 0.230346 0.885106 0.230171 0.884143 0.227551 0.884143 0.227376 0.885106 0.226153 0.885106 0.225978 0.886068 0.224755 0.886068 0.224755 0.886790 0.224057 0.887031 0.223183 0.888956 0.222659 0.888956 0.222659 0.891603 0.221960 0.891843 0.221960 0.892565 0.225280 0.892565 0.225280 0.891843 0.224581 0.891603 0.224581 0.888956 0.225280 0.888715 0.226153 0.886790 0.229472 0.886790 0.229647 0.887753 0.230171 0.887753 0.230346 0.888715 0.230870 0.888715 0.231045 0.889678 0.232442 0.890881 0.232442 0.893527 0.231744 0.893768 0.231744 0.895452 0.231045 0.895693 0.230870 0.896655 0.228948 0.896655 0.228774 0.895693 0.227376 0.894490 0.227376 0.893768 0.225454 0.893768 0.225454 0.894490 0.225978 0.894490 0.226153 0.895452 0.226677 0.895452 0.226852 0.896415 0.228249 0.897618 0.228249 0.899302 0.229472 0.899302 0.229472 0.898580 0.230171 0.898340 0.231045 0.896415 0.232268 0.896415 0.232268 0.894731 0.232966 0.894490 0.232966 0.890881 0.233665 0.890640 0.233665 0.889918 0.232966 0.889678 0.233141 0.885828 0.235063 0.885828 0.235238 0.886790 0.235936 0.887031 0.235936 0.889678 0.237159 0.889678 0.237159 0.888956 0.237858 0.888715 0.237858 0.887993 0.238557 0.887753 0.238557 0.887031 0.239256 0.886790 0.239256 0.886068 0.239955 0.885828 0.240828 0.883903 0.241352 0.883903 0.241352 0.881256 0.243449 0.881015 0.243449 0.880294 0.244846 0.879090 0.244147 0.877406 0.242925 0.877406 0.242750 0.876444 0.242226 0.876444 0.242051 0.875481 0.240653 0.874278 0.240653 0.871631 0.242750 0.871391 0.242925 0.872353 0.247642 0.872353 0.247642 0.871631 0.248340 0.871391 0.248340 0.870669 0.247816 0.870669 0.246943 0.868744 0.245720 0.868744 0.245545 0.867782 0.244147 0.866578 0.244147 0.862969 0.245545 0.862729 0.245720 0.859841 0.247642 0.859841 0.248515 0.861766 0.249738 0.861766 0.249913 0.863691 0.250437 0.863691 0.251310 0.865616 0.254630 0.865616 0.253931 0.863932 0.252708 0.863932 0.252533 0.862969 0.252009 0.862969 0.251834 0.862007 0.251310 0.862007 0.251136 0.861044 0.250611 0.861044 0.250437 0.860082 0.249913 0.860082 0.249738 0.859119 0.248340 0.857916 0.248340 0.855269 0.251136 0.855029 0.251310 0.853104 0.253232 0.853104 0.253407 0.854066 0.253931 0.854066 0.254106 0.855029 0.254630 0.855029 0.254804 0.855991 0.255328 0.855991 0.255503 0.856954 0.256027 0.856954 0.256202 0.857916 0.257600 0.859119 0.257600 0.860804 0.258124 0.860804 0.258124 0.860082 0.259521 0.858879
0 0.120458 0.857194 0.119235 0.857194 0.119060 0.856232 0.118536 0.856232 0.118361 0.855269 0.117837 0.855269 0.117662 0.854307 0.117138 0.854307 0.116964 0.853345 0.116440 0.853345 0.116265 0.852382 0.115741 0.852382 0.115566 0.851420 0.114168 0.850217 0.114168 0.848532 0.112945 0.848532 0.112945 0.849254 0.111548 0.850457 0.111548 0.853104 0.109451 0.853345 0.109451 0.854066 0.108753 0.854307 0.108753 0.855029 0.108054 0.855269 0.108054 0.855991 0.107355 0.856232 0.107355 0.856954 0.106656 0.857194 0.106656 0.857916 0.105957 0.858157 0.105084 0.860082 0.104560 0.860082 0.104560 0.861766 0.103162 0.862007 0.103162 0.862729 0.101765 0.863932 0.101765 0.864654 0.102463 0.864894 0.102463 0.867541 0.101765 0.867782 0.101765 0.868503 0.106481 0.868503 0.106656 0.870428 0.104560 0.870669 0.104385 0.869706 0.097572 0.869706 0.097572 0.871391 0.098795 0.871391 0.098969 0.872353 0.099493 0.872353 0.099668 0.873316 0.100192 0.873316 0.100367 0.874278 0.100891 0.874278 0.101066 0.875241 0.101590 0.875241 0.101765 0.876203 0.103162 0.877406 0.103162 0.880053 0.101066 0.880294 0.101066 0.883903 0.100367 0.884143 0.100192 0.885106 0.097572 0.885106 0.097397 0.884143 0.096698 0.883903 0.096698 0.881256 0.097397 0.881015 0.097572 0.880053 0.099493 0.880053 0.099493 0.879331 0.098969 0.879331 0.098096 0.877406 0.096873 0.877406 0.096698 0.880294 0.093903 0.880053 0.093903 0.876444 0.094602 0.876203 0.094776 0.875241 0.096698 0.875241 0.096698 0.873556 0.094776 0.873556 0.094776 0.874278 0.094078 0.874519 0.094078 0.875241 0.093379 0.875481 0.093379 0.876203 0.092680 0.876444 0.092680 0.877166 0.091981 0.877406 0.091108 0.879331 0.090584 0.879331 0.090584 0.880053 0.091806 0.880053 0.091981 0.881015 0.093379 0.882218 0.093379 0.884865 0.091282 0.885106 0.091108 0.884143 0.088487 0.884143 0.088312 0.885106 0.087089 0.885106 0.086915 0.886068 0.085692 0.886068 0.085692 0.886790 0.084993 0.887031 0.084119 0.888956 0.083595 0.888956 0.083595 0.891603 0.082897 0.891843 0.082897 0.892565 0.086216 0.892565 0.086216 0.891843 0.085517 0.891603 0.085517 0.888956 0.086216 0.888715 0.087089 0.886790 0.090409 0.886790 0.090584 0.887753 0.091108 0.887753 0.091282 0.888715 0.091806 0.888715 0.091981 0.889678 0.093379 0.890881 0.093379 0.893527 0.092680 0.893768 0.092680 0.895452 0.091981 0.895693 0.091806 0.896655 0.089885 0.896655 0.089710 0.895693 0.088312 0.894490 0.088312 0.893768 0.086391 0.893768 0.086391 0.894490 0.086915 0.894490 0.087089 0.895452 0.087614 0.895452 0.087788 0.896415 0.089186 0.897618 0.089186 0.899302 0.090409 0.899302 0.090409 0.898580 0.091108 0.898340 0.091981 0.896415 0.093204 0.896415 0.093204 0.894731 0.093903 0.894490 0.093903 0.890881 0.094602 0.890640 0.094602 0.889918 0.093903 0.889678 0.094078 0.885828 0.095999 0.885828 0.096174 0.886790 0.096873 0.887031 0.096873 0.889678 0.098096 0.889678 0.098096 0.888956 0.098795 0.888715 0.098795 0.887993 0.099493 0.887753 0.099493 0.887031 0.100192 0.886790 0.100192 0.886068 0.100891 0.885828 0.101765 0.883903 0.102289 0.883903 0.102289 0.881256 0.104385 0.881015 0.104385 0.880294 0.105783 0.879090 0.105084 0.877406 0.103861 0.877406 0.103686 0.876444 0.103162 0.876444 0.102987 0.875481 0.101590 0.874278 0.101590 0.871631 0.103686 0.871391 0.103861 0.872353 0.108578 0.872353 0.108578 0.871631 0.109277 0.871391 0.109277 0.870669 0.108753 0.870669 0.107879 0.868744 0.106656 0.868744 0.106481 0.867782 0.105084 0.866578 0.105084 0.862969 0.106481 0.862729 0.106656 0.859841 0.108578 0.859841 0.109451 0.861766 0.110674 0.861766 0.110849 0.863691 0.111373 0.863691 0.112247 0.865616 0.115566 0.865616 0.114867 0.863932 0.113644 0.863932 0.113470 0.862969 0.112945 0.862969 0.112771 0.862007 0.112247 0.862007 0.112072 0.861044 0.111548 0.861044 0.111373 0.860082 0.110849 0.860082 0.110674 0.859119 0.109277 0.857916 0.109277 0.855269 0.112072 0.855029 0.112247 0.853104 0.114168 0.853104 0.114343 0.854066 0.114867 0.854066 0.115042 0.855029 0.115566 0.855029 0.115741 0.855991 0.116265 0.855991 0.116440 0.856954 0.116964 0.856954 0.117138 0.857916 0.118536 0.859119 0.118536 0.860804 0.119060 0.860804 0.119060 0.860082 0.120458 0.858879
0 0.954315 0.844682 0.954315 0.847329 0.954839 0.847329 0.955014 0.847570 0.955014 0.850217 0.955538 0.850217 0.955713 0.850457 0.955713 0.852141 0.956237 0.852141 0.956412 0.852382 0.956412 0.855991 0.957635 0.855991 0.957635 0.855269 0.957809 0.855029 0.958333 0.855029 0.958333 0.853345 0.957809 0.853345 0.957635 0.853104 0.957635 0.852382 0.957110 0.852382 0.956936 0.852141 0.956936 0.849495 0.957110 0.849254 0.957635 0.849254 0.957635 0.848532 0.957809 0.848292 0.958333 0.848292 0.958333 0.847570 0.958508 0.847329 0.960430 0.847329 0.960604 0.847570 0.960604 0.848292 0.961129 0.848292 0.961303 0.848532 0.961303 0.849254 0.962526 0.849254 0.962526 0.848532 0.962701 0.848292 0.963225 0.848292 0.963225 0.847570 0.963400 0.847329 0.963924 0.847329 0.963924 0.846607 0.962002 0.846607 0.961827 0.846367 0.961827 0.845645 0.959906 0.845645 0.959731 0.845404 0.959731 0.844682
0 0.815252 0.844682 0.815252 0.847329 0.815776 0.847329 0.815950 0.847570 0.815950 0.850217 0.816474 0.850217 0.816649 0.850457 0.816649 0.852141 0.817173 0.852141 0.817348 0.852382 0.817348 0.855991 0.818571 0.855991 0.818571 0.855269 0.818746 0.855029 0.819270 0.855029 0.819270 0.853345 0.818746 0.853345 0.818571 0.853104 0.818571 0.852382 0.818047 0.852382 0.817872 0.852141 0.817872 0.849495 0.818047 0.849254 0.818571 0.849254 0.818571 0.848532 0.818746 0.848292 0.819270 0.848292 0.819270 0.847570 0.819444 0.847329 0.821366 0.847329 0.821541 0.847570 0.821541 0.848292 0.822065 0.848292 0.822240 0.848532 0.822240 0.849254 0.823463 0.849254 0.823463 0.848532 0.823637 0.848292 0.824161 0.848292 0.824161 0.847570 0.824336 0.847329 0.824860 0.847329 0.824860 0.846607 0.822939 0.846607 0.822764 0.846367 0.822764 0.845645 0.820842 0.845645 0.820667 0.845404 0.820667 0.844682
0 0.676188 0.844682 0.676188 0.847329 0.676712 0.847329 0.676887 0.847570 0.676887 0.850217 0.677411 0.850217 0.677586 0.850457 0.677586 0.852141 0.678110 0.852141 0.678284 0.852382 0.678284 0.855991 0.679507 0.855991 0.679507 0.855269 0.679682 0.855029 0.680206 0.855029 0.680206 0.853345 0.679682 0.853345 0.679507 0.853104 0.679507 0.852382 0.678983 0.852382 0.678809 0.852141 0.678809 0.849495 0.678983 0.849254 0.679507 0.849254 0.679507 0.848532 0.679682 0.848292 0.680206 0.848292 0.680206 0.847570 0.680381 0.847329 0.682303 0.847329 0.682477 0.847570 0.682477 0.848292 0.683001 0.848292 0.683176 0.848532 0.683176 0.849254 0.684399 0.849254 0.684399 0.848532 0.684574 0.848292 0.685098 0.848292 0.685098 0.847570 0.685273 0.847329 0.685797 0.847329 0.685797 0.846607 0.683875 0.846607 0.683700 0.846367 0.683700 0.845645 0.681778 0.845645 0.681604 0.845404 0.681604 0.844682
0 0.537124 0.844682 0.537124 0.847329 0.537648 0.847329 0.537823 0.847570 0.537823 0.850217 0.538347 0.850217 0.538522 0.850457 0.538522 0.852141 0.539046 0.852141 0.539221 0.852382 0.539221 0.855991 0.540444 0.855991 0.540444 0.855269 0.540618 0.855029 0.541143 0.855029 0.541143 0.853345 0.540618 0.853345 0.540444 0.853104 0.540444 0.852382 0.539920 0.852382 0.539745 0.852141 0.539745 0.849495 0.539920 0.849254 0.540444 0.849254 0.540444 0.848532 0.540618 0.848292 0.541143 0.848292 0.541143 0.847570 0.541317 0.847329 0.543239 0.847329 0.543414 0.847570 0.543414 0.848292 0.543938 0.848292 0.544113 0.848532 0.544113 0.849254 0.545335 0.849254 0.545335 0.848532 0.545510 0.848292 0.546034 0.848292 0.546034 0.847570 0.546209 0.847329 0.546733 0.847329 0.546733 0.846607 0.544811 0.846607 0.544637 0.846367 0.544637 0.845645 0.542715 0.845645 0.542540 0.845404 0.542540 0.844682
0 0.398061 0.844682 0.398061 0.847329 0.398585 0.847329 0.398760 0.847570 0.398760 0.850217 0.399284 0.850217 0.399458 0.850457 0.399458 0.852141 0.399983 0.852141 0.400157 0.852382 0.400157 0.855991 0.401380 0.855991 0.401380 0.855269 0.401555 0.855029 0.402079 0.855029 0.402079 0.853345 0.401555 0.853345 0.401380 0.853104 0.401380 0.852382 0.400856 0.852382 0.400681 0.852141 0.400681 0.849495 0.400856 0.849254 0.401380 0.849254 0.401380 0.848532 0.401555 0.848292 0.402079 0.848292 0.402079 0.847570 0.402254 0.847329 0.404175 0.847329 0.404350 0.847570 0.404350 0.848292 0.404874 0.848292 0.405049 0.848532 0.405049 0.849254 0.406272 0.849254 0.406272 0.848532 0.406447 0.848292 0.406971 0.848292 0.406971 0.847570 0.407145 0.847329 0.407669 0.847329 0.407669 0.846607 0.405748 0.846607 0.405573 0.846367 0.405573 0.845645 0.403651 0.845645 0.403477 0.845404 0.403477 0.844682
0 0.258298 0.844682 0.258298 0.847329 0.258823 0.847329 0.258997 0.847570 0.258997 0.850217 0.259521 0.850217 0.259696 0.850457 0.259696 0.852141 0.260220 0.852141 0.260395 0.852382 0.260395 0.855991 0.261618 0.855991 0.261618 0.855269 0.261792 0.855029 0.262317 0.855029 0.262317 0.853345 0.261792 0.853345 0.261618 0.853104 0.261618 0.852382 0.261094 0.852382 0.260919 0.852141 0.260919 0.849495 0.261094 0.849254 0.261618 0.849254 0.261618 0.848532 0.261792 0.848292 0.262317 0.848292 0.262317 0.847570 0.262491 0.847329 0.264413 0.847329 0.264588 0.847570 0.264588 0.848292 0.265112 0.848292 0.265287 0.848532 0.265287 0.849254 0.266509 0.849254 0.266509 0.848532 0.266684 0.848292 0.267208 0.848292 0.267208 0.847570 0.267383 0.847329 0.267907 0.847329 0.267907 0.846607 0.265985 0.846607 0.265811 0.846367 0.265811 0.845645 0.263889 0.845645 0.263714 0.845404 0.263714 0.844682
0 0.119235 0.844682 0.119235 0.847329 0.119759 0.847329 0.119934 0.847570 0.119934 0.850217 0.120458 0.850217 0.120632 0.850457 0.120632 0.852141 0.121157 0.852141 0.121331 0.852382 0.121331 0.855991 0.122554 0.855991 0.122554 0.855269 0.122729 0.855029 0.123253 0.855029 0.123253 0.853345 0.122729 0.853345 0.122554 0.853104 0.122554 0.852382 0.122030 0.852382 0.121855 0.852141 0.121855 0.849495 0.122030 0.849254 0.122554 0.849254 0.122554 0.848532 0.122729 0.848292 0.123253 0.848292 0.123253 0.847570 0.123428 0.847329 0.125349 0.847329 0.125524 0.847570 0.125524 0.848292 0.126048 0.848292 0.126223 0.848532 0.126223 0.849254 0.127446 0.849254 0.127446 0.848532 0.127621 0.848292 0.128145 0.848292 0.128145 0.847570 0.128319 0.847329 0.128843 0.847329 0.128843 0.846607 0.126922 0.846607 0.126747 0.846367 0.126747 0.845645 0.124825 0.845645 0.124651 0.845404 0.124651 0.844682
0 0.968816 0.835058 0.968291 0.835058 0.968291 0.839629 0.968117 0.839870 0.967593 0.839870 0.967593 0.841554 0.968117 0.841554 0.968117 0.840833 0.968291 0.840592 0.968816 0.840592 0.968816 0.839870 0.968990 0.839629 0.969514 0.839629 0.969514 0.838908 0.969689 0.838667 0.970213 0.838667 0.970213 0.836983 0.969689 0.836983 0.969514 0.836742 0.969514 0.836020 0.968990 0.836020 0.968816 0.835780
0 0.829752 0.835058 0.829228 0.835058 0.829228 0.839629 0.829053 0.839870 0.828529 0.839870 0.828529 0.841554 0.829053 0.841554 0.829053 0.840833 0.829228 0.840592 0.829752 0.840592 0.829752 0.839870 0.829927 0.839629 0.830451 0.839629 0.830451 0.838908 0.830625 0.838667 0.831150 0.838667 0.831150 0.836983 0.830625 0.836983 0.830451 0.836742 0.830451 0.836020 0.829927 0.836020 0.829752 0.835780
0 0.690688 0.835058 0.690164 0.835058 0.690164 0.839629 0.689990 0.839870 0.689465 0.839870 0.689465 0.841554 0.689990 0.841554 0.689990 0.840833 0.690164 0.840592 0.690688 0.840592 0.690688 0.839870 0.690863 0.839629 0.691387 0.839629 0.691387 0.838908 0.691562 0.838667 0.692086 0.838667 0.692086 0.836983 0.691562 0.836983 0.691387 0.836742 0.691387 0.836020 0.690863 0.836020 0.690688 0.835780
0 0.551625 0.835058 0.551101 0.835058 0.551101 0.839629 0.550926 0.839870 0.550402 0.839870 0.550402 0.841554 0.550926 0.841554 0.550926 0.840833 0.551101 0.840592 0.551625 0.840592 0.551625 0.839870 0.551799 0.839629 0.552324 0.839629 0.552324 0.838908 0.552498 0.838667 0.553022 0.838667 0.553022 0.836983 0.552498 0.836983 0.552324 0.836742 0.552324 0.836020 0.551799 0.836020 0.551625 0.835780
0 0.412561 0.835058 0.412037 0.835058 0.412037 0.839629 0.411862 0.839870 0.411338 0.839870 0.411338 0.841554 0.411862 0.841554 0.411862 0.840833 0.412037 0.840592 0.412561 0.840592 0.412561 0.839870 0.412736 0.839629 0.413260 0.839629 0.413260 0.838908 0.413435 0.838667 0.413959 0.838667 0.413959 0.836983 0.413435 0.836983 0.413260 0.836742 0.413260 0.836020 0.412736 0.836020 0.412561 0.835780
0 0.272799 0.835058 0.272275 0.835058 0.272275 0.839629 0.272100 0.839870 0.271576 0.839870 0.271576 0.841554 0.272100 0.841554 0.272100 0.840833 0.272275 0.840592 0.272799 0.840592 0.272799 0.839870 0.272973 0.839629 0.273498 0.839629 0.273498 0.838908 0.273672 0.838667 0.274196 0.838667 0.274196 0.836983 0.273672 0.836983 0.273498 0.836742 0.273498 0.836020 0.272973 0.836020 0.272799 0.835780
0 0.133735 0.835058 0.133211 0.835058 0.133211 0.839629 0.133036 0.839870 0.132512 0.839870 0.132512 0.841554 0.133036 0.841554 0.133036 0.840833 0.133211 0.840592 0.133735 0.840592 0.133735 0.839870 0.133910 0.839629 0.134434 0.839629 0.134434 0.838908 0.134609 0.838667 0.135133 0.838667 0.135133 0.836983 0.134609 0.836983 0.134434 0.836742 0.134434 0.836020 0.133910 0.836020 0.133735 0.835780
0 0.959906 0.832170 0.959906 0.832892 0.959731 0.833133 0.959207 0.833133 0.959207 0.833855 0.959032 0.834095 0.958508 0.834095 0.958508 0.834817 0.958333 0.835058 0.957809 0.835058 0.957809 0.835780 0.959032 0.835780 0.959207 0.836020 0.959207 0.836742 0.960430 0.836742 0.960604 0.836983 0.960604 0.837705 0.961129 0.837705 0.961303 0.837945 0.961303 0.838667 0.961827 0.838667 0.962002 0.838908 0.962002 0.839629 0.962526 0.839629 0.962701 0.839870 0.962701 0.840592 0.963225 0.840592 0.963400 0.840833 0.963400 0.841554 0.964623 0.841554 0.964623 0.840833 0.964797 0.840592 0.965321 0.840592 0.965321 0.839870 0.964797 0.839870 0.964623 0.839629 0.964623 0.838908 0.963400 0.838908 0.963225 0.838667 0.963225 0.837945 0.962701 0.837945 0.962526 0.837705 0.962526 0.836020 0.962002 0.836020 0.961827 0.835780 0.961827 0.835058 0.961303 0.835058 0.961129 0.834817 0.961129 0.834095 0.960604 0.834095 0.960430 0.833855 0.960430 0.832170
0 0.820842 0.832170 0.820842 0.832892 0.820667 0.833133 0.820143 0.833133 0.820143 0.833855 0.819969 0.834095 0.819444 0.834095 0.819444 0.834817 0.819270 0.835058 0.818746 0.835058 0.818746 0.835780 0.819969 0.835780 0.820143 0.836020 0.820143 0.836742 0.821366 0.836742 0.821541 0.836983 0.821541 0.837705 0.822065 0.837705 0.822240 0.837945 0.822240 0.838667 0.822764 0.838667 0.822939 0.838908 0.822939 0.839629 0.823463 0.839629 0.823637 0.839870 0.823637 0.840592 0.824161 0.840592 0.824336 0.840833 0.824336 0.841554 0.825559 0.841554 0.825559 0.840833 0.825734 0.840592 0.826258 0.840592 0.826258 0.839870 0.825734 0.839870 0.825559 0.839629 0.825559 0.838908 0.824336 0.838908 0.824161 0.838667 0.824161 0.837945 0.823637 0.837945 0.823463 0.837705 0.823463 0.836020 0.822939 0.836020 0.822764 0.835780 0.822764 0.835058 0.822240 0.835058 0.822065 0.834817 0.822065 0.834095 0.821541 0.834095 0.821366 0.833855 0.821366 0.832170
0 0.681778 0.832170 0.681778 0.832892 0.681604 0.833133 0.681080 0.833133 0.681080 0.833855 0.680905 0.834095 0.680381 0.834095 0.680381 0.834817 0.680206 0.835058 0.679682 0.835058 0.679682 0.835780 0.680905 0.835780 0.681080 0.836020 0.681080 0.836742 0.682303 0.836742 0.682477 0.836983 0.682477 0.837705 0.683001 0.837705 0.683176 0.837945 0.683176 0.838667 0.683700 0.838667 0.683875 0.838908 0.683875 0.839629 0.684399 0.839629 0.684574 0.839870 0.684574 0.840592 0.685098 0.840592 0.685273 0.840833 0.685273 0.841554 0.686495 0.841554 0.686495 0.840833 0.686670 0.840592 0.687194 0.840592 0.687194 0.839870 0.686670 0.839870 0.686495 0.839629 0.686495 0.838908 0.685273 0.838908 0.685098 0.838667 0.685098 0.837945 0.684574 0.837945 0.684399 0.837705 0.684399 0.836020 0.683875 0.836020 0.683700 0.835780 0.683700 0.835058 0.683176 0.835058 0.683001 0.834817 0.683001 0.834095 0.682477 0.834095 0.682303 0.833855 0.682303 0.832170
0 0.542715 0.832170 0.542715 0.832892 0.542540 0.833133 0.542016 0.833133 0.542016 0.833855 0.541841 0.834095 0.541317 0.834095 0.541317 0.834817 0.541143 0.835058 0.540618 0.835058 0.540618 0.835780 0.541841 0.835780 0.542016 0.836020 0.542016 0.836742 0.543239 0.836742 0.543414 0.836983 0.543414 0.837705 0.543938 0.837705 0.544113 0.837945 0.544113 0.838667 0.544637 0.838667 0.544811 0.838908 0.544811 0.839629 0.545335 0.839629 0.545510 0.839870 0.545510 0.840592 0.546034 0.840592 0.546209 0.840833 0.546209 0.841554 0.547432 0.841554 0.547432 0.840833 0.547607 0.840592 0.548131 0.840592 0.548131 0.839870 0.547607 0.839870 0.547432 0.839629 0.547432 0.838908 0.546209 0.838908 0.546034 0.838667 0.546034 0.837945 0.545510 0.837945 0.545335 0.837705 0.545335 0.836020 0.544811 0.836020 0.544637 0.835780 0.544637 0.835058 0.544113 0.835058 0.543938 0.834817 0.543938 0.834095 0.543414 0.834095 0.543239 0.833855 0.543239 0.832170
0 0.403651 0.832170 0.403651 0.832892 0.403477 0.833133 0.402952 0.833133 0.402952 0.833855 0.402778 0.834095 0.402254 0.834095 0.402254 0.834817 0.402079 0.835058 0.401555 0.835058 0.401555 0.835780 0.402778 0.835780 0.402952 0.836020 0.402952 0.836742 0.404175 0.836742 0.404350 0.836983 0.404350 0.837705 0.404874 0.837705 0.405049 0.837945 0.405049 0.838667 0.405573 0.838667 0.405748 0.838908 0.405748 0.839629 0.406272 0.839629 0.406447 0.839870 0.406447 0.840592 0.406971 0.840592 0.407145 0.840833 0.407145 0.841554 0.408368 0.841554 0.408368 0.840833 0.408543 0.840592 0.409067 0.840592 0.409067 0.839870 0.408543 0.839870 0.408368 0.839629 0.408368 0.838908 0.407145 0.838908 0.406971 0.838667 0.406971 0.837945 0.406447 0.837945 0.406272 0.837705 0.406272 0.836020 0.405748 0.836020 0.405573 0.835780 0.405573 0.835058 0.405049 0.835058 0.404874 0.834817 0.404874 0.834095 0.404350 0.834095 0.404175 0.833855 0.404175 0.832170
0 0.263889 0.832170 0.263889 0.832892 0.263714 0.833133 0.263190 0.833133 0.263190 0.833855 0.263015 0.834095 0.262491 0.834095 0.262491 0.834817 0.262317 0.835058 0.261792 0.835058 0.261792 0.835780 0.263015 0.835780 0.263190 0.836020 0.263190 0.836742 0.264413 0.836742 0.264588 0.836983 0.264588 0.837705 0.265112 0.837705 0.265287 0.837945 0.265287 0.838667 0.265811 0.838667 0.265985 0.838908 0.265985 0.839629 0.266509 0.839629 0.266684 0.839870 0.266684 0.840592 0.267208 0.840592 0.267383 0.840833 0.267383 0.841554 0.268606 0.841554 0.268606 0.840833 0.268781 0.840592 0.269305 0.840592 0.269305 0.839870 0.268781 0.839870 0.268606 0.839629 0.268606 0.838908 0.267383 0.838908 0.267208 0.838667 0.267208 0.837945 0.266684 0.837945 0.266509 0.837705 0.266509 0.836020 0.265985 0.836020 0.265811 0.835780 0.265811 0.835058 0.265287 0.835058 0.265112 0.834817 0.265112 0.834095 0.264588 0.834095 0.264413 0.833855 0.264413 0.832170
0 0.124825 0.832170 0.124825 0.832892 0.124651 0.833133 0.124126 0.833133 0.124126 0.833855 0.123952 0.834095 0.123428 0.834095 0.123428 0.834817 0.123253 0.835058 0.122729 0.835058 0.122729 0.835780 0.123952 0.835780 0.124126 0.836020 0.124126 0.836742 0.125349 0.836742 0.125524 0.836983 0.125524 0.837705 0.126048 0.837705 0.126223 0.837945 0.126223 0.838667 0.126747 0.838667 0.126922 0.838908 0.126922 0.839629 0.127446 0.839629 0.127621 0.839870 0.127621 0.840592 0.128145 0.840592 0.128319 0.840833 0.128319 0.841554 0.129542 0.841554 0.129542 0.840833 0.129717 0.840592 0.130241 0.840592 0.130241 0.839870 0.129717 0.839870 0.129542 0.839629 0.129542 0.838908 0.128319 0.838908 0.128145 0.838667 0.128145 0.837945 0.127621 0.837945 0.127446 0.837705 0.127446 0.836020 0.126922 0.836020 0.126747 0.835780 0.126747 0.835058 0.126223 0.835058 0.126048 0.834817 0.126048 0.834095 0.125524 0.834095 0.125349 0.833855 0.125349 0.832170
0 0.903127 0.649302 0.901904 0.649302 0.901730 0.649062 0.901730 0.648340 0.900507 0.648340 0.900332 0.648099 0.900332 0.647377 0.897711 0.647377 0.897711 0.648099 0.897537 0.648340 0.896314 0.648340 0.896314 0.649062 0.896139 0.649302 0.895615 0.649302 0.895615 0.650024 0.895440 0.650265 0.894916 0.650265 0.894916 0.651949 0.894741 0.652190 0.894217 0.652190 0.894217 0.656761 0.894043 0.657002 0.892121 0.657002 0.891946 0.656761 0.891946 0.656039 0.890723 0.656039 0.890723 0.656761 0.890549 0.657002 0.890024 0.657002 0.890024 0.657724 0.889850 0.657964 0.889326 0.657964 0.889326 0.658686 0.889151 0.658927 0.888627 0.658927 0.888627 0.659649 0.888452 0.659889 0.887928 0.659889 0.887928 0.660611 0.887753 0.660852 0.887229 0.660852 0.887229 0.666386 0.887753 0.666386 0.887928 0.666627 0.887928 0.667348 0.889850 0.667348 0.889850 0.666627 0.889326 0.666627 0.889151 0.666386 0.889151 0.664702 0.888627 0.664702 0.888452 0.664461 0.888452 0.660852 0.888627 0.660611 0.889151 0.660611 0.889151 0.659889 0.889326 0.659649 0.889850 0.659649 0.889850 0.658927 0.890024 0.658686 0.895440 0.658686 0.895615 0.658927 0.895615 0.659649 0.896139 0.659649 0.896314 0.659889 0.896314 0.660611 0.897537 0.660611 0.897711 0.660852 0.897711 0.661574 0.901730 0.661574 0.901730 0.660852 0.901904 0.660611 0.903127 0.660611 0.903127 0.659889 0.903302 0.659649 0.903826 0.659649 0.903826 0.657964 0.904001 0.657724 0.904525 0.657724 0.904525 0.653152 0.904001 0.653152 0.903826 0.652911 0.903826 0.651227 0.903302 0.651227 0.903127 0.650987
0 0.764064 0.649302 0.762841 0.649302 0.762666 0.649062 0.762666 0.648340 0.761443 0.648340 0.761268 0.648099 0.761268 0.647377 0.758648 0.647377 0.758648 0.648099 0.758473 0.648340 0.757250 0.648340 0.757250 0.649062 0.757075 0.649302 0.756551 0.649302 0.756551 0.650024 0.756377 0.650265 0.755853 0.650265 0.755853 0.651949 0.755678 0.652190 0.755154 0.652190 0.755154 0.656761 0.754979 0.657002 0.753057 0.657002 0.752883 0.656761 0.752883 0.656039 0.751660 0.656039 0.751660 0.656761 0.751485 0.657002 0.750961 0.657002 0.750961 0.657724 0.750786 0.657964 0.750262 0.657964 0.750262 0.658686 0.750087 0.658927 0.749563 0.658927 0.749563 0.659649 0.749389 0.659889 0.748864 0.659889 0.748864 0.660611 0.748690 0.660852 0.748166 0.660852 0.748166 0.666386 0.748690 0.666386 0.748864 0.666627 0.748864 0.667348 0.750786 0.667348 0.750786 0.666627 0.750262 0.666627 0.750087 0.666386 0.750087 0.664702 0.749563 0.664702 0.749389 0.664461 0.749389 0.660852 0.749563 0.660611 0.750087 0.660611 0.750087 0.659889 0.750262 0.659649 0.750786 0.659649 0.750786 0.658927 0.750961 0.658686 0.756377 0.658686 0.756551 0.658927 0.756551 0.659649 0.757075 0.659649 0.757250 0.659889 0.757250 0.660611 0.758473 0.660611 0.758648 0.660852 0.758648 0.661574 0.762666 0.661574 0.762666 0.660852 0.762841 0.660611 0.764064 0.660611 0.764064 0.659889 0.764238 0.659649 0.764762 0.659649 0.764762 0.657964 0.764937 0.657724 0.765461 0.657724 0.765461 0.653152 0.764937 0.653152 0.764762 0.652911 0.764762 0.651227 0.764238 0.651227 0.764064 0.650987
0 0.625000 0.649302 0.623777 0.649302 0.623602 0.649062 0.623602 0.648340 0.622379 0.648340 0.622205 0.648099 0.622205 0.647377 0.619584 0.647377 0.619584 0.648099 0.619410 0.648340 0.618187 0.648340 0.618187 0.649062 0.618012 0.649302 0.617488 0.649302 0.617488 0.650024 0.617313 0.650265 0.616789 0.650265 0.616789 0.651949 0.616614 0.652190 0.616090 0.652190 0.616090 0.656761 0.615915 0.657002 0.613994 0.657002 0.613819 0.656761 0.613819 0.656039 0.612596 0.656039 0.612596 0.656761 0.612421 0.657002 0.611897 0.657002 0.611897 0.657724 0.611723 0.657964 0.611198 0.657964 0.611198 0.658686 0.611024 0.658927 0.610500 0.658927 0.610500 0.659649 0.610325 0.659889 0.609801 0.659889 0.609801 0.660611 0.609626 0.660852 0.609102 0.660852 0.609102 0.666386 0.609626 0.666386 0.609801 0.666627 0.609801 0.667348 0.611723 0.667348 0.611723 0.666627 0.611198 0.666627 0.611024 0.666386 0.611024 0.664702 0.610500 0.664702 0.610325 0.664461 0.610325 0.660852 0.610500 0.660611 0.611024 0.660611 0.611024 0.659889 0.611198 0.659649 0.611723 0.659649 0.611723 0.658927 0.611897 0.658686 0.617313 0.658686 0.617488 0.658927 0.617488 0.659649 0.618012 0.659649 0.618187 0.659889 0.618187 0.660611 0.619410 0.660611 0.619584 0.660852 0.619584 0.661574 0.623602 0.661574 0.623602 0.660852 0.623777 0.660611 0.625000 0.660611 0.625000 0.659889 0.625175 0.659649 0.625699 0.659649 0.625699 0.657964 0.625874 0.657724 0.626398 0.657724 0.626398 0.653152 0.625874 0.653152 0.625699 0.652911 0.625699 0.651227 0.625175 0.651227 0.625000 0.650987
0 0.485936 0.649302 0.484713 0.649302 0.484539 0.649062 0.484539 0.648340 0.483316 0.648340 0.483141 0.648099 0.483141 0.647377 0.480521 0.647377 0.480521 0.648099 0.480346 0.648340 0.479123 0.648340 0.479123 0.649062 0.478948 0.649302 0.478424 0.649302 0.478424 0.650024 0.478249 0.650265 0.477725 0.650265 0.477725 0.651949 0.477551 0.652190 0.477027 0.652190 0.477027 0.656761 0.476852 0.657002 0.474930 0.657002 0.474755 0.656761 0.474755 0.656039 0.473532 0.656039 0.473532 0.656761 0.473358 0.657002 0.472834 0.657002 0.472834 0.657724 0.472659 0.657964 0.472135 0.657964 0.472135 0.658686 0.471960 0.658927 0.471436 0.658927 0.471436 0.659649 0.471261 0.659889 0.470737 0.659889 0.470737 0.660611 0.470563 0.660852 0.470038 0.660852 0.470038 0.666386 0.470563 0.666386 0.470737 0.666627 0.470737 0.667348 0.472659 0.667348 0.472659 0.666627 0.472135 0.666627 0.471960 0.666386 0.471960 0.664702 0.471436 0.664702 0.471261 0.664461 0.471261 0.660852 0.471436 0.660611 0.471960 0.660611 0.471960 0.659889 0.472135 0.659649 0.472659 0.659649 0.472659 0.658927 0.472834 0.658686 0.478249 0.658686 0.478424 0.658927 0.478424 0.659649 0.478948 0.659649 0.479123 0.659889 0.479123 0.660611 0.480346 0.660611 0.480521 0.660852 0.480521 0.661574 0.484539 0.661574 0.484539 0.660852 0.484713 0.660611 0.485936 0.660611 0.485936 0.659889 0.486111 0.659649 0.486635 0.659649 0.486635 0.657964 0.486810 0.657724 0.487334 0.657724 0.487334 0.653152 0.486810 0.653152 0.486635 0.652911 0.486635 0.651227 0.486111 0.651227 0.485936 0.650987
0 0.346873 0.649302 0.345650 0.649302 0.345475 0.649062 0.345475 0.648340 0.344252 0.648340 0.344078 0.648099 0.344078 0.647377 0.341457 0.647377 0.341457 0.648099 0.341282 0.648340 0.340059 0.648340 0.340059 0.649062 0.339885 0.649302 0.339361 0.649302 0.339361 0.650024 0.339186 0.650265 0.338662 0.650265 0.338662 0.651949 0.338487 0.652190 0.337963 0.652190 0.337963 0.656761 0.337788 0.657002 0.335867 0.657002 0.335692 0.656761 0.335692 0.656039 0.334469 0.656039 0.334469 0.656761 0.334294 0.657002 0.333770 0.657002 0.333770 0.657724 0.333595 0.657964 0.333071 0.657964 0.333071 0.658686 0.332897 0.658927 0.332372 0.658927 0.332372 0.659649 0.332198 0.659889 0.331674 0.659889 0.331674 0.660611 0.331499 0.660852 0.330975 0.660852 0.330975 0.666386 0.331499 0.666386 0.331674 0.666627 0.331674 0.667348 0.333595 0.667348 0.333595 0.666627 0.333071 0.666627 0.332897 0.666386 0.332897 0.664702 0.332372 0.664702 0.332198 0.664461 0.332198 0.660852 0.332372 0.660611 0.332897 0.660611 0.332897 0.659889 0.333071 0.659649 0.333595 0.659649 0.333595 0.658927 0.333770 0.658686 0.339186 0.658686 0.339361 0.658927 0.339361 0.659649 0.339885 0.659649 0.340059 0.659889 0.340059 0.660611 0.341282 0.660611 0.341457 0.660852 0.341457 0.661574 0.345475 0.661574 0.345475 0.660852 0.345650 0.660611 0.346873 0.660611 0.346873 0.659889 0.347048 0.659649 0.347572 0.659649 0.347572 0.657964 0.347746 0.657724 0.348270 0.657724 0.348270 0.653152 0.347746 0.653152 0.347572 0.652911 0.347572 0.651227 0.347048 0.651227 0.346873 0.650987
0 0.207110 0.649302 0.205887 0.649302 0.205713 0.649062 0.205713 0.648340 0.204490 0.648340 0.204315 0.648099 0.204315 0.647377 0.201695 0.647377 0.201695 0.648099 0.201520 0.648340 0.200297 0.648340 0.200297 0.649062 0.200122 0.649302 0.199598 0.649302 0.199598 0.650024 0.199423 0.650265 0.198899 0.650265 0.198899 0.651949 0.198725 0.652190 0.198201 0.652190 0.198201 0.656761 0.198026 0.657002 0.196104 0.657002 0.195929 0.656761 0.195929 0.656039 0.194706 0.656039 0.194706 0.656761 0.194532 0.657002 0.194008 0.657002 0.194008 0.657724 0.193833 0.657964 0.193309 0.657964 0.193309 0.658686 0.193134 0.658927 0.192610 0.658927 0.192610 0.659649 0.192435 0.659889 0.191911 0.659889 0.191911 0.660611 0.191737 0.660852 0.191212 0.660852 0.191212 0.666386 0.191737 0.666386 0.191911 0.666627 0.191911 0.667348 0.193833 0.667348 0.193833 0.666627 0.193309 0.666627 0.193134 0.666386 0.193134 0.664702 0.192610 0.664702 0.192435 0.664461 0.192435 0.660852 0.192610 0.660611 0.193134 0.660611 0.193134 0.659889 0.193309 0.659649 0.193833 0.659649 0.193833 0.658927 0.194008 0.658686 0.199423 0.658686 0.199598 0.658927 0.199598 0.659649 0.200122 0.659649 0.200297 0.659889 0.200297 0.660611 0.201520 0.660611 0.201695 0.660852 0.201695 0.661574 0.205713 0.661574 0.205713 0.660852 0.205887 0.660611 0.207110 0.660611 0.207110 0.659889 0.207285 0.659649 0.207809 0.659649 0.207809 0.657964 0.207984 0.657724 0.208508 0.657724 0.208508 0.653152 0.207984 0.653152 0.207809 0.652911 0.207809 0.651227 0.207285 0.651227 0.207110 0.650987
0 0.068047 0.649302 0.066824 0.649302 0.066649 0.649062 0.066649 0.648340 0.065426 0.648340 0.065252 0.648099 0.065252 0.647377 0.062631 0.647377 0.062631 0.648099 0.062456 0.648340 0.061233 0.648340 0.061233 0.649062 0.061059 0.649302 0.060535 0.649302 0.060535 0.650024 0.060360 0.650265 0.059836 0.650265 0.059836 0.651949 0.059661 0.652190 0.059137 0.652190 0.059137 0.656761 0.058962 0.657002 0.057041 0.657002 0.056866 0.656761 0.056866 0.656039 0.055643 0.656039 0.055643 0.656761 0.055468 0.657002 0.054944 0.657002 0.054944 0.657724 0.054769 0.657964 0.054245 0.657964 0.054245 0.658686 0.054071 0.658927 0.053546 0.658927 0.053546 0.659649 0.053372 0.659889 0.052848 0.659889 0.052848 0.660611 0.052673 0.660852 0.052149 0.660852 0.052149 0.666386 0.052673 0.666386 0.052848 0.666627 0.052848 0.667348 0.054769 0.667348 0.054769 0.666627 0.054245 0.666627 0.054071 0.666386 0.054071 0.664702 0.053546 0.664702 0.053372 0.664461 0.053372 0.660852 0.053546 0.660611 0.054071 0.660611 0.054071 0.659889 0.054245 0.659649 0.054769 0.659649 0.054769 0.658927 0.054944 0.658686 0.060360 0.658686 0.060535 0.658927 0.060535 0.659649 0.061059 0.659649 0.061233 0.659889 0.061233 0.660611 0.062456 0.660611 0.062631 0.660852 0.062631 0.661574 0.066649 0.661574 0.066649 0.660852 0.066824 0.660611 0.068047 0.660611 0.068047 0.659889 0.068222 0.659649 0.068746 0.659649 0.068746 0.657964 0.068920 0.657724 0.069444 0.657724 0.069444 0.653152 0.068920 0.653152 0.068746 0.652911 0.068746 0.651227 0.068222 0.651227 0.068047 0.650987
0 0.901205 0.641603 0.901205 0.645212 0.901031 0.645452 0.900507 0.645452 0.900507 0.646174 0.903826 0.646174 0.904001 0.646415 0.904001 0.648099 0.905224 0.648099 0.905398 0.648340 0.905398 0.649062 0.905922 0.649062 0.906097 0.649302 0.906097 0.650024 0.906621 0.650024 0.906796 0.650265 0.906796 0.650987 0.907320 0.650987 0.907495 0.651227 0.907495 0.651949 0.908019 0.651949 0.908019 0.651227 0.908194 0.650987 0.908718 0.650987 0.908718 0.650265 0.907495 0.650265 0.907320 0.650024 0.907320 0.649302 0.906796 0.649302 0.906621 0.649062 0.906621 0.648340 0.906097 0.648340 0.905922 0.648099 0.905922 0.647377 0.905398 0.647377 0.905224 0.647137 0.905224 0.644490 0.905398 0.644249 0.905922 0.644249 0.905922 0.643527 0.906097 0.643287 0.907320 0.643287 0.907320 0.642565 0.906097 0.642565 0.905922 0.642324 0.905922 0.641603
0 0.762142 0.641603 0.762142 0.645212 0.761967 0.645452 0.761443 0.645452 0.761443 0.646174 0.764762 0.646174 0.764937 0.646415 0.764937 0.648099 0.766160 0.648099 0.766335 0.648340 0.766335 0.649062 0.766859 0.649062 0.767034 0.649302 0.767034 0.650024 0.767558 0.650024 0.767732 0.650265 0.767732 0.650987 0.768256 0.650987 0.768431 0.651227 0.768431 0.651949 0.768955 0.651949 0.768955 0.651227 0.769130 0.650987 0.769654 0.650987 0.769654 0.650265 0.768431 0.650265 0.768256 0.650024 0.768256 0.649302 0.767732 0.649302 0.767558 0.649062 0.767558 0.648340 0.767034 0.648340 0.766859 0.648099 0.766859 0.647377 0.766335 0.647377 0.766160 0.647137 0.766160 0.644490 0.766335 0.644249 0.766859 0.644249 0.766859 0.643527 0.767034 0.643287 0.768256 0.643287 0.768256 0.642565 0.767034 0.642565 0.766859 0.642324 0.766859 0.641603
0 0.623078 0.641603 0.623078 0.645212 0.622904 0.645452 0.622379 0.645452 0.622379 0.646174 0.625699 0.646174 0.625874 0.646415 0.625874 0.648099 0.627096 0.648099 0.627271 0.648340 0.627271 0.649062 0.627795 0.649062 0.627970 0.649302 0.627970 0.650024 0.628494 0.650024 0.628669 0.650265 0.628669 0.650987 0.629193 0.650987 0.629368 0.651227 0.629368 0.651949 0.629892 0.651949 0.629892 0.651227 0.630066 0.650987 0.630590 0.650987 0.630590 0.650265 0.629368 0.650265 0.629193 0.650024 0.629193 0.649302 0.628669 0.649302 0.628494 0.649062 0.628494 0.648340 0.627970 0.648340 0.627795 0.648099 0.627795 0.647377 0.627271 0.647377 0.627096 0.647137 0.627096 0.644490 0.627271 0.644249 0.627795 0.644249 0.627795 0.643527 0.627970 0.643287 0.629193 0.643287 0.629193 0.642565 0.627970 0.642565 0.627795 0.642324 0.627795 0.641603
0 0.484015 0.641603 0.484015 0.645212 0.483840 0.645452 0.483316 0.645452 0.483316 0.646174 0.486635 0.646174 0.486810 0.646415 0.486810 0.648099 0.488033 0.648099 0.488208 0.648340 0.488208 0.649062 0.488732 0.649062 0.488906 0.649302 0.488906 0.650024 0.489430 0.650024 0.489605 0.650265 0.489605 0.650987 0.490129 0.650987 0.490304 0.651227 0.490304 0.651949 0.490828 0.651949 0.490828 0.651227 0.491003 0.650987 0.491527 0.650987 0.491527 0.650265 0.490304 0.650265 0.490129 0.650024 0.490129 0.649302 0.489605 0.649302 0.489430 0.649062 0.489430 0.648340 0.488906 0.648340 0.488732 0.648099 0.488732 0.647377 0.488208 0.647377 0.488033 0.647137 0.488033 0.644490 0.488208 0.644249 0.488732 0.644249 0.488732 0.643527 0.488906 0.643287 0.490129 0.643287 0.490129 0.642565 0.488906 0.642565 0.488732 0.642324 0.488732 0.641603
0 0.344951 0.641603 0.344951 0.645212 0.344776 0.645452 0.344252 0.645452 0.344252 0.646174 0.347572 0.646174 0.347746 0.646415 0.347746 0.648099 0.348969 0.648099 0.349144 0.648340 0.349144 0.649062 0.349668 0.649062 0.349843 0.649302 0.349843 0.650024 0.350367 0.650024 0.350542 0.650265 0.350542 0.650987 0.351066 0.650987 0.351240 0.651227 0.351240 0.651949 0.351765 0.651949 0.351765 0.651227 0.351939 0.650987 0.352463 0.650987 0.352463 0.650265 0.351240 0.650265 0.351066 0.650024 0.351066 0.649302 0.350542 0.649302 0.350367 0.649062 0.350367 0.648340 0.349843 0.648340 0.349668 0.648099 0.349668 0.647377 0.349144 0.647377 0.348969 0.647137 0.348969 0.644490 0.349144 0.644249 0.349668 0.644249 0.349668 0.643527 0.349843 0.643287 0.351066 0.643287 0.351066 0.642565 0.349843 0.642565 0.349668 0.642324 0.349668 0.641603
0 0.205189 0.641603 0.205189 0.645212 0.205014 0.645452 0.204490 0.645452 0.204490 0.646174 0.207809 0.646174 0.207984 0.646415 0.207984 0.648099 0.209207 0.648099 0.209382 0.648340 0.209382 0.649062 0.209906 0.649062 0.210080 0.649302 0.210080 0.650024 0.210604 0.650024 0.210779 0.650265 0.210779 0.650987 0.211303 0.650987 0.211478 0.651227 0.211478 0.651949 0.212002 0.651949 0.212002 0.651227 0.212177 0.650987 0.212701 0.650987 0.212701 0.650265 0.211478 0.650265 0.211303 0.650024 0.211303 0.649302 0.210779 0.649302 0.210604 0.649062 0.210604 0.648340 0.210080 0.648340 0.209906 0.648099 0.209906 0.647377 0.209382 0.647377 0.209207 0.647137 0.209207 0.644490 0.209382 0.644249 0.209906 0.644249 0.209906 0.643527 0.210080 0.643287 0.211303 0.643287 0.211303 0.642565 0.210080 0.642565 0.209906 0.642324 0.209906 0.641603
0 0.066125 0.641603 0.066125 0.645212 0.065950 0.645452 0.065426 0.645452 0.065426 0.646174 0.068746 0.646174 0.068920 0.646415 0.068920 0.648099 0.070143 0.648099 0.070318 0.648340 0.070318 0.649062 0.070842 0.649062 0.071017 0.649302 0.071017 0.650024 0.071541 0.650024 0.071716 0.650265 0.071716 0.650987 0.072240 0.650987 0.072414 0.651227 0.072414 0.651949 0.072939 0.651949 0.072939 0.651227 0.073113 0.650987 0.073637 0.650987 0.073637 0.650265 0.072414 0.650265 0.072240 0.650024 0.072240 0.649302 0.071716 0.649302 0.071541 0.649062 0.071541 0.648340 0.071017 0.648340 0.070842 0.648099 0.070842 0.647377 0.070318 0.647377 0.070143 0.647137 0.070143 0.644490 0.070318 0.644249 0.070842 0.644249 0.070842 0.643527 0.071017 0.643287 0.072240 0.643287 0.072240 0.642565 0.071017 0.642565 0.070842 0.642324 0.070842 0.641603
0 0.905398 0.635828 0.905398 0.636550 0.905922 0.636550 0.906097 0.636790 0.906097 0.637512 0.907320 0.637512 0.907495 0.637753 0.907495 0.638475 0.908019 0.638475 0.908194 0.638715 0.908194 0.639437 0.908718 0.639437 0.908892 0.639678 0.908892 0.643287 0.912212 0.643287 0.912212 0.642565 0.911688 0.642565 0.911513 0.642324 0.911513 0.641603 0.910989 0.641603 0.910814 0.641362 0.910814 0.640640 0.910290 0.640640 0.910115 0.640399 0.910115 0.639678 0.909591 0.639678 0.909416 0.639437 0.909416 0.638715 0.908892 0.638715 0.908718 0.638475 0.908718 0.637753 0.908194 0.637753 0.908019 0.637512 0.908019 0.636790 0.907495 0.636790 0.907320 0.636550 0.907320 0.634865 0.906097 0.634865 0.906097 0.635587 0.905922 0.635828
0 0.766335 0.635828 0.766335 0.636550 0.766859 0.636550 0.767034 0.636790 0.767034 0.637512 0.768256 0.637512 0.768431 0.637753 0.768431 0.638475 0.768955 0.638475 0.769130 0.638715 0.769130 0.639437 0.769654 0.639437 0.769829 0.639678 0.769829 0.643287 0.773148 0.643287 0.773148 0.642565 0.772624 0.642565 0.772449 0.642324 0.772449 0.641603 0.771925 0.641603 0.771751 0.641362 0.771751 0.640640 0.771226 0.640640 0.771052 0.640399 0.771052 0.639678 0.770528 0.639678 0.770353 0.639437 0.770353 0.638715 0.769829 0.638715 0.769654 0.638475 0.769654 0.637753 0.769130 0.637753 0.768955 0.637512 0.768955 0.636790 0.768431 0.636790 0.768256 0.636550 0.768256 0.634865 0.767034 0.634865 0.767034 0.635587 0.766859 0.635828
0 0.627271 0.635828 0.627271 0.636550 0.627795 0.636550 0.627970 0.636790 0.627970 0.637512 0.629193 0.637512 0.629368 0.637753 0.629368 0.638475 0.629892 0.638475 0.630066 0.638715 0.630066 0.639437 0.630590 0.639437 0.630765 0.639678 0.630765 0.643287 0.634085 0.643287 0.634085 0.642565 0.633560 0.642565 0.633386 0.642324 0.633386 0.641603 0.632862 0.641603 0.632687 0.641362 0.632687 0.640640 0.632163 0.640640 0.631988 0.640399 0.631988 0.639678 0.631464 0.639678 0.631289 0.639437 0.631289 0.638715 0.630765 0.638715 0.630590 0.638475 0.630590 0.637753 0.630066 0.637753 0.629892 0.637512 0.629892 0.636790 0.629368 0.636790 0.629193 0.636550 0.629193 0.634865 0.627970 0.634865 0.627970 0.635587 0.627795 0.635828
0 0.488208 0.635828 0.488208 0.636550 0.488732 0.636550 0.488906 0.636790 0.488906 0.637512 0.490129 0.637512 0.490304 0.637753 0.490304 0.638475 0.490828 0.638475 0.491003 0.638715 0.491003 0.639437 0.491527 0.639437 0.491702 0.639678 0.491702 0.643287 0.495021 0.643287 0.495021 0.642565 0.494497 0.642565 0.494322 0.642324 0.494322 0.641603 0.493798 0.641603 0.493623 0.641362 0.493623 0.640640 0.493099 0.640640 0.492925 0.640399 0.492925 0.639678 0.492400 0.639678 0.492226 0.639437 0.492226 0.638715 0.491702 0.638715 0.491527 0.638475 0.491527 0.637753 0.491003 0.637753 0.490828 0.637512 0.490828 0.636790 0.490304 0.636790 0.490129 0.636550 0.490129 0.634865 0.488906 0.634865 0.488906 0.635587 0.488732 0.635828
0 0.349144 0.635828 0.349144 0.636550 0.349668 0.636550 0.349843 0.636790 0.349843 0.637512 0.351066 0.637512 0.351240 0.637753 0.351240 0.638475 0.351765 0.638475 0.351939 0.638715 0.351939 0.639437 0.352463 0.639437 0.352638 0.639678 0.352638 0.643287 0.355957 0.643287 0.355957 0.642565 0.355433 0.642565 0.355259 0.642324 0.355259 0.641603 0.354734 0.641603 0.354560 0.641362 0.354560 0.640640 0.354036 0.640640 0.353861 0.640399 0.353861 0.639678 0.353337 0.639678 0.353162 0.639437 0.353162 0.638715 0.352638 0.638715 0.352463 0.638475 0.352463 0.637753 0.351939 0.637753 0.351765 0.637512 0.351765 0.636790 0.351240 0.636790 0.351066 0.636550 0.351066 0.634865 0.349843 0.634865 0.349843 0.635587 0.349668 0.635828
0 0.209382 0.635828 0.209382 0.636550 0.209906 0.636550 0.210080 0.636790 0.210080 0.637512 0.211303 0.637512 0.211478 0.637753 0.211478 0.638475 0.212002 0.638475 0.212177 0.638715 0.212177 0.639437 0.212701 0.639437 0.212876 0.639678 0.212876 0.643287 0.216195 0.643287 0.216195 0.642565 0.215671 0.642565 0.215496 0.642324 0.215496 0.641603 0.214972 0.641603 0.214797 0.641362 0.214797 0.640640 0.214273 0.640640 0.214099 0.640399 0.214099 0.639678 0.213574 0.639678 0.213400 0.639437 0.213400 0.638715 0.212876 0.638715 0.212701 0.638475 0.212701 0.637753 0.212177 0.637753 0.212002 0.637512 0.212002 0.636790 0.211478 0.636790 0.211303 0.636550 0.211303 0.634865 0.210080 0.634865 0.210080 0.635587 0.209906 0.635828
0 0.070318 0.635828 0.070318 0.636550 0.070842 0.636550 0.071017 0.636790 0.071017 0.637512 0.072240 0.637512 0.072414 0.637753 0.072414 0.638475 0.072939 0.638475 0.073113 0.638715 0.073113 0.639437 0.073637 0.639437 0.073812 0.639678 0.073812 0.643287 0.077131 0.643287 0.077131 0.642565 0.076607 0.642565 0.076433 0.642324 0.076433 0.641603 0.075908 0.641603 0.075734 0.641362 0.075734 0.640640 0.075210 0.640640 0.075035 0.640399 0.075035 0.639678 0.074511 0.639678 0.074336 0.639437 0.074336 0.638715 0.073812 0.638715 0.073637 0.638475 0.073637 0.637753 0.073113 0.637753 0.072939 0.637512 0.072939 0.636790 0.072414 0.636790 0.072240 0.636550 0.072240 0.634865 0.071017 0.634865 0.071017 0.635587 0.070842 0.635828
0 0.912386 0.626203 0.912386 0.626925 0.912212 0.627166 0.911688 0.627166 0.911688 0.627887 0.911513 0.628128 0.910989 0.628128 0.910989 0.628850 0.910814 0.629090 0.910290 0.629090 0.910290 0.629812 0.910115 0.630053 0.909591 0.630053 0.909591 0.630775 0.909416 0.631015 0.908892 0.631015 0.908892 0.632700 0.909416 0.632700 0.909591 0.632940 0.909591 0.633662 0.910115 0.633662 0.910290 0.633903 0.910290 0.634625 0.910814 0.634625 0.910989 0.634865 0.910989 0.635587 0.911513 0.635587 0.911688 0.635828 0.911688 0.636550 0.912212 0.636550 0.912386 0.636790 0.912386 0.637512 0.912911 0.637512 0.913085 0.637753 0.913085 0.638475 0.913609 0.638475 0.913784 0.638715 0.913784 0.639437 0.914308 0.639437 0.914483 0.639678 0.914483 0.640399 0.915007 0.640399 0.915182 0.640640 0.915182 0.642324 0.915706 0.642324 0.915706 0.641603 0.915881 0.641362 0.916405 0.641362 0.916405 0.640640 0.916579 0.640399 0.917103 0.640399 0.917103 0.638715 0.915881 0.638715 0.915706 0.638475 0.915706 0.637753 0.915182 0.637753 0.915007 0.637512 0.915007 0.636790 0.914483 0.636790 0.914308 0.636550 0.914308 0.633903 0.914483 0.633662 0.916405 0.633662 0.916405 0.631978 0.915881 0.631978 0.915706 0.631737 0.915706 0.631015 0.915182 0.631015 0.915007 0.630775 0.915007 0.630053 0.914483 0.630053 0.914483 0.632700 0.914308 0.632940 0.911688 0.632940 0.911513 0.632700 0.911513 0.629090 0.911688 0.628850 0.912212 0.628850 0.912212 0.628128 0.912386 0.627887 0.914308 0.627887 0.914308 0.626203
0 0.773323 0.626203 0.773323 0.626925 0.773148 0.627166 0.772624 0.627166 0.772624 0.627887 0.772449 0.628128 0.771925 0.628128 0.771925 0.628850 0.771751 0.629090 0.771226 0.629090 0.771226 0.629812 0.771052 0.630053 0.770528 0.630053 0.770528 0.630775 0.770353 0.631015 0.769829 0.631015 0.769829 0.632700 0.770353 0.632700 0.770528 0.632940 0.770528 0.633662 0.771052 0.633662 0.771226 0.633903 0.771226 0.634625 0.771751 0.634625 0.771925 0.634865 0.771925 0.635587 0.772449 0.635587 0.772624 0.635828 0.772624 0.636550 0.773148 0.636550 0.773323 0.636790 0.773323 0.637512 0.773847 0.637512 0.774022 0.637753 0.774022 0.638475 0.774546 0.638475 0.774720 0.638715 0.774720 0.639437 0.775245 0.639437 0.775419 0.639678 0.775419 0.640399 0.775943 0.640399 0.776118 0.640640 0.776118 0.642324 0.776642 0.642324 0.776642 0.641603 0.776817 0.641362 0.777341 0.641362 0.777341 0.640640 0.777516 0.640399 0.778040 0.640399 0.778040 0.638715 0.776817 0.638715 0.776642 0.638475 0.776642 0.637753 0.776118 0.637753 0.775943 0.637512 0.775943 0.636790 0.775419 0.636790 0.775245 0.636550 0.775245 0.633903 0.775419 0.633662 0.777341 0.633662 0.777341 0.631978 0.776817 0.631978 0.776642 0.631737 0.776642 0.631015 0.776118 0.631015 0.775943 0.630775 0.775943 0.630053 0.775419 0.630053 0.775419 0.632700 0.775245 0.632940 0.772624 0.632940 0.772449 0.632700 0.772449 0.629090 0.772624 0.628850 0.773148 0.628850 0.773148 0.628128 0.773323 0.627887 0.775245 0.627887 0.775245 0.626203
0 0.634259 0.626203 0.634259 0.626925 0.634085 0.627166 0.633560 0.627166 0.633560 0.627887 0.633386 0.628128 0.632862 0.628128 0.632862 0.628850 0.632687 0.629090 0.632163 0.629090 0.632163 0.629812 0.631988 0.630053 0.631464 0.630053 0.631464 0.630775 0.631289 0.631015 0.630765 0.631015 0.630765 0.632700 0.631289 0.632700 0.631464 0.632940 0.631464 0.633662 0.631988 0.633662 0.632163 0.633903 0.632163 0.634625 0.632687 0.634625 0.632862 0.634865 0.632862 0.635587 0.633386 0.635587 0.633560 0.635828 0.633560 0.636550 0.634085 0.636550 0.634259 0.636790 0.634259 0.637512 0.634783 0.637512 0.634958 0.637753 0.634958 0.638475 0.635482 0.638475 0.635657 0.638715 0.635657 0.639437 0.636181 0.639437 0.636356 0.639678 0.636356 0.640399 0.636880 0.640399 0.637055 0.640640 0.637055 0.642324 0.637579 0.642324 0.637579 0.641603 0.637753 0.641362 0.638277 0.641362 0.638277 0.640640 0.638452 0.640399 0.638976 0.640399 0.638976 0.638715 0.637753 0.638715 0.637579 0.638475 0.637579 0.637753 0.637055 0.637753 0.636880 0.637512 0.636880 0.636790 0.636356 0.636790 0.636181 0.636550 0.636181 0.633903 0.636356 0.633662 0.638277 0.633662 0.638277 0.631978 0.637753 0.631978 0.637579 0.631737 0.637579 0.631015 0.637055 0.631015 0.636880 0.630775 0.636880 0.630053 0.636356 0.630053 0.636356 0.632700 0.636181 0.632940 0.633560 0.632940 0.633386 0.632700 0.633386 0.629090 0.633560 0.628850 0.634085 0.628850 0.634085 0.628128 0.634259 0.627887 0.636181 0.627887 0.636181 0.626203
0 0.495196 0.626203 0.495196 0.626925 0.495021 0.627166 0.494497 0.627166 0.494497 0.627887 0.494322 0.628128 0.493798 0.628128 0.493798 0.628850 0.493623 0.629090 0.493099 0.629090 0.493099 0.629812 0.492925 0.630053 0.492400 0.630053 0.492400 0.630775 0.492226 0.631015 0.491702 0.631015 0.491702 0.632700 0.492226 0.632700 0.492400 0.632940 0.492400 0.633662 0.492925 0.633662 0.493099 0.633903 0.493099 0.634625 0.493623 0.634625 0.493798 0.634865 0.493798 0.635587 0.494322 0.635587 0.494497 0.635828 0.494497 0.636550 0.495021 0.636550 0.495196 0.636790 0.495196 0.637512 0.495720 0.637512 0.495894 0.637753 0.495894 0.638475 0.496419 0.638475 0.496593 0.638715 0.496593 0.639437 0.497117 0.639437 0.497292 0.639678 0.497292 0.640399 0.497816 0.640399 0.497991 0.640640 0.497991 0.642324 0.498515 0.642324 0.498515 0.641603 0.498690 0.641362 0.499214 0.641362 0.499214 0.640640 0.499389 0.640399 0.499913 0.640399 0.499913 0.638715 0.498690 0.638715 0.498515 0.638475 0.498515 0.637753 0.497991 0.637753 0.497816 0.637512 0.497816 0.636790 0.497292 0.636790 0.497117 0.636550 0.497117 0.633903 0.497292 0.633662 0.499214 0.633662 0.499214 0.631978 0.498690 0.631978 0.498515 0.631737 0.498515 0.631015 0.497991 0.631015 0.497816 0.630775 0.497816 0.630053 0.497292 0.630053 0.497292 0.632700 0.497117 0.632940 0.494497 0.632940 0.494322 0.632700 0.494322 0.629090 0.494497 0.628850 0.495021 0.628850 0.495021 0.628128 0.495196 0.627887 0.497117 0.627887 0.497117 0.626203
0 0.356132 0.626203 0.356132 0.626925 0.355957 0.627166 0.355433 0.627166 0.355433 0.627887 0.355259 0.628128 0.354734 0.628128 0.354734 0.628850 0.354560 0.629090 0.354036 0.629090 0.354036 0.629812 0.353861 0.630053 0.353337 0.630053 0.353337 0.630775 0.353162 0.631015 0.352638 0.631015 0.352638 0.632700 0.353162 0.632700 0.353337 0.632940 0.353337 0.633662 0.353861 0.633662 0.354036 0.633903 0.354036 0.634625 0.354560 0.634625 0.354734 0.634865 0.354734 0.635587 0.355259 0.635587 0.355433 0.635828 0.355433 0.636550 0.355957 0.636550 0.356132 0.636790 0.356132 0.637512 0.356656 0.637512 0.356831 0.637753 0.356831 0.638475 0.357355 0.638475 0.357530 0.638715 0.357530 0.639437 0.358054 0.639437 0.358229 0.639678 0.358229 0.640399 0.358753 0.640399 0.358927 0.640640 0.358927 0.642324 0.359451 0.642324 0.359451 0.641603 0.359626 0.641362 0.360150 0.641362 0.360150 0.640640 0.360325 0.640399 0.360849 0.640399 0.360849 0.638715 0.359626 0.638715 0.359451 0.638475 0.359451 0.637753 0.358927 0.637753 0.358753 0.637512 0.358753 0.636790 0.358229 0.636790 0.358054 0.636550 0.358054 0.633903 0.358229 0.633662 0.360150 0.633662 0.360150 0.631978 0.359626 0.631978 0.359451 0.631737 0.359451 0.631015 0.358927 0.631015 0.358753 0.630775 0.358753 0.630053 0.358229 0.630053 0.358229 0.632700 0.358054 0.632940 0.355433 0.632940 0.355259 0.632700 0.355259 0.629090 0.355433 0.628850 0.355957 0.628850 0.355957 0.628128 0.356132 0.627887 0.358054 0.627887 0.358054 0.626203
0 0.216370 0.626203 0.216370 0.626925 0.216195 0.627166 0.215671 0.627166 0.215671 0.627887 0.215496 0.628128 0.214972 0.628128 0.214972 0.628850 0.214797 0.629090 0.214273 0.629090 0.214273 0.629812 0.214099 0.630053 0.213574 0.630053 0.213574 0.630775 0.213400 0.631015 0.212876 0.631015 0.212876 0.632700 0.213400 0.632700 0.213574 0.632940 0.213574 0.633662 0.214099 0.633662 0.214273 0.633903 0.214273 0.634625 0.214797 0.634625 0.214972 0.634865 0.214972 0.635587 0.215496 0.635587 0.215671 0.635828 0.215671 0.636550 0.216195 0.636550 0.216370 0.636790 0.216370 0.637512 0.216894 0.637512 0.217068 0.637753 0.217068 0.638475 0.217593 0.638475 0.217767 0.638715 0.217767 0.639437 0.218291 0.639437 0.218466 0.639678 0.218466 0.640399 0.218990 0.640399 0.219165 0.640640 0.219165 0.642324 0.219689 0.642324 0.219689 0.641603 0.219864 0.641362 0.220388 0.641362 0.220388 0.640640 0.220563 0.640399 0.221087 0.640399 0.221087 0.638715 0.219864 0.638715 0.219689 0.638475 0.219689 0.637753 0.219165 0.637753 0.218990 0.637512 0.218990 0.636790 0.218466 0.636790 0.218291 0.636550 0.218291 0.633903 0.218466 0.633662 0.220388 0.633662 0.220388 0.631978 0.219864 0.631978 0.219689 0.631737 0.219689 0.631015 0.219165 0.631015 0.218990 0.630775 0.218990 0.630053 0.218466 0.630053 0.218466 0.632700 0.218291 0.632940 0.215671 0.632940 0.215496 0.632700 0.215496 0.629090 0.215671 0.628850 0.216195 0.628850 0.216195 0.628128 0.216370 0.627887 0.218291 0.627887 0.218291 0.626203
0 0.077306 0.626203 0.077306 0.626925 0.077131 0.627166 0.076607 0.627166 0.076607 0.627887 0.076433 0.628128 0.075908 0.628128 0.075908 0.628850 0.075734 0.629090 0.075210 0.629090 0.075210 0.629812 0.075035 0.630053 0.074511 0.630053 0.074511 0.630775 0.074336 0.631015 0.073812 0.631015 0.073812 0.632700 0.074336 0.632700 0.074511 0.632940 0.074511 0.633662 0.075035 0.633662 0.075210 0.633903 0.075210 0.634625 0.075734 0.634625 0.075908 0.634865 0.075908 0.635587 0.076433 0.635587 0.076607 0.635828 0.076607 0.636550 0.077131 0.636550 0.077306 0.636790 0.077306 0.637512 0.077830 0.637512 0.078005 0.637753 0.078005 0.638475 0.078529 0.638475 0.078704 0.638715 0.078704 0.639437 0.079228 0.639437 0.079403 0.639678 0.079403 0.640399 0.079927 0.640399 0.080101 0.640640 0.080101 0.642324 0.080625 0.642324 0.080625 0.641603 0.080800 0.641362 0.081324 0.641362 0.081324 0.640640 0.081499 0.640399 0.082023 0.640399 0.082023 0.638715 0.080800 0.638715 0.080625 0.638475 0.080625 0.637753 0.080101 0.637753 0.079927 0.637512 0.079927 0.636790 0.079403 0.636790 0.079228 0.636550 0.079228 0.633903 0.079403 0.633662 0.081324 0.633662 0.081324 0.631978 0.080800 0.631978 0.080625 0.631737 0.080625 0.631015 0.080101 0.631015 0.079927 0.630775 0.079927 0.630053 0.079403 0.630053 0.079403 0.632700 0.079228 0.632940 0.076607 0.632940 0.076433 0.632700 0.076433 0.629090 0.076607 0.628850 0.077131 0.628850 0.077131 0.628128 0.077306 0.627887 0.079228 0.627887 0.079228 0.626203
0 0.915182 0.622353 0.915182 0.625000 0.916405 0.625000 0.916579 0.625241 0.916579 0.625962 0.917103 0.625962 0.917278 0.626203 0.917278 0.626925 0.917802 0.626925 0.917977 0.627166 0.917977 0.627887 0.918501 0.627887 0.918676 0.628128 0.918676 0.628850 0.919200 0.628850 0.919375 0.629090 0.919375 0.629812 0.919899 0.629812 0.920073 0.630053 0.920073 0.630775 0.920597 0.630775 0.920772 0.631015 0.920772 0.633662 0.921995 0.633662 0.921995 0.632940 0.922170 0.632700 0.922694 0.632700 0.922694 0.631978 0.922869 0.631737 0.923393 0.631737 0.923393 0.631015 0.922869 0.631015 0.922694 0.630775 0.922694 0.630053 0.921471 0.630053 0.921296 0.629812 0.921296 0.629090 0.920772 0.629090 0.920597 0.628850 0.920597 0.628128 0.920073 0.628128 0.919899 0.627887 0.919899 0.627166 0.919375 0.627166 0.919200 0.626925 0.919200 0.626203 0.918676 0.626203 0.918501 0.625962 0.918501 0.625241 0.917977 0.625241 0.917802 0.625000 0.917802 0.624278 0.917278 0.624278 0.917103 0.624038 0.917103 0.622353
0 0.776118 0.622353 0.776118 0.625000 0.777341 0.625000 0.777516 0.625241 0.777516 0.625962 0.778040 0.625962 0.778215 0.626203 0.778215 0.626925 0.778739 0.626925 0.778913 0.627166 0.778913 0.627887 0.779437 0.627887 0.779612 0.628128 0.779612 0.628850 0.780136 0.628850 0.780311 0.629090 0.780311 0.629812 0.780835 0.629812 0.781010 0.630053 0.781010 0.630775 0.781534 0.630775 0.781709 0.631015 0.781709 0.633662 0.782932 0.633662 0.782932 0.632940 0.783106 0.632700 0.783630 0.632700 0.783630 0.631978 0.783805 0.631737 0.784329 0.631737 0.784329 0.631015 0.783805 0.631015 0.783630 0.630775 0.783630 0.630053 0.782407 0.630053 0.782233 0.629812 0.782233 0.629090 0.781709 0.629090 0.781534 0.628850 0.781534 0.628128 0.781010 0.628128 0.780835 0.627887 0.780835 0.627166 0.780311 0.627166 0.780136 0.626925 0.780136 0.626203 0.779612 0.626203 0.779437 0.625962 0.779437 0.625241 0.778913 0.625241 0.778739 0.625000 0.778739 0.624278 0.778215 0.624278 0.778040 0.624038 0.778040 0.622353
0 0.637055 0.622353 0.637055 0.625000 0.638277 0.625000 0.638452 0.625241 0.638452 0.625962 0.638976 0.625962 0.639151 0.626203 0.639151 0.626925 0.639675 0.626925 0.639850 0.627166 0.639850 0.627887 0.640374 0.627887 0.640549 0.628128 0.640549 0.628850 0.641073 0.628850 0.641247 0.629090 0.641247 0.629812 0.641771 0.629812 0.641946 0.630053 0.641946 0.630775 0.642470 0.630775 0.642645 0.631015 0.642645 0.633662 0.643868 0.633662 0.643868 0.632940 0.644043 0.632700 0.644567 0.632700 0.644567 0.631978 0.644741 0.631737 0.645266 0.631737 0.645266 0.631015 0.644741 0.631015 0.644567 0.630775 0.644567 0.630053 0.643344 0.630053 0.643169 0.629812 0.643169 0.629090 0.642645 0.629090 0.642470 0.628850 0.642470 0.628128 0.641946 0.628128 0.641771 0.627887 0.641771 0.627166 0.641247 0.627166 0.641073 0.626925 0.641073 0.626203 0.640549 0.626203 0.640374 0.625962 0.640374 0.625241 0.639850 0.625241 0.639675 0.625000 0.639675 0.624278 0.639151 0.624278 0.638976 0.624038 0.638976 0.622353
0 0.497991 0.622353 0.497991 0.625000 0.499214 0.625000 0.499389 0.625241 0.499389 0.625962 0.499913 0.625962 0.500087 0.626203 0.500087 0.626925 0.500611 0.626925 0.500786 0.627166 0.500786 0.627887 0.501310 0.627887 0.501485 0.628128 0.501485 0.628850 0.502009 0.628850 0.502184 0.629090 0.502184 0.629812 0.502708 0.629812 0.502883 0.630053 0.502883 0.630775 0.503407 0.630775 0.503581 0.631015 0.503581 0.633662 0.504804 0.633662 0.504804 0.632940 0.504979 0.632700 0.505503 0.632700 0.505503 0.631978 0.505678 0.631737 0.506202 0.631737 0.506202 0.631015 0.505678 0.631015 0.505503 0.630775 0.505503 0.630053 0.504280 0.630053 0.504106 0.629812 0.504106 0.629090 0.503581 0.629090 0.503407 0.628850 0.503407 0.628128 0.502883 0.628128 0.502708 0.627887 0.502708 0.627166 0.502184 0.627166 0.502009 0.626925 0.502009 0.626203 0.501485 0.626203 0.501310 0.625962 0.501310 0.625241 0.500786 0.625241 0.500611 0.625000 0.500611 0.624278 0.500087 0.624278 0.499913 0.624038 0.499913 0.622353
0 0.358927 0.622353 0.358927 0.625000 0.360150 0.625000 0.360325 0.625241 0.360325 0.625962 0.360849 0.625962 0.361024 0.626203 0.361024 0.626925 0.361548 0.626925 0.361723 0.627166 0.361723 0.627887 0.362247 0.627887 0.362421 0.628128 0.362421 0.628850 0.362945 0.628850 0.363120 0.629090 0.363120 0.629812 0.363644 0.629812 0.363819 0.630053 0.363819 0.630775 0.364343 0.630775 0.364518 0.631015 0.364518 0.633662 0.365741 0.633662 0.365741 0.632940 0.365915 0.632700 0.366440 0.632700 0.366440 0.631978 0.366614 0.631737 0.367138 0.631737 0.367138 0.631015 0.366614 0.631015 0.366440 0.630775 0.366440 0.630053 0.365217 0.630053 0.365042 0.629812 0.365042 0.629090 0.364518 0.629090 0.364343 0.628850 0.364343 0.628128 0.363819 0.628128 0.363644 0.627887 0.363644 0.627166 0.363120 0.627166 0.362945 0.626925 0.362945 0.626203 0.362421 0.626203 0.362247 0.625962 0.362247 0.625241 0.361723 0.625241 0.361548 0.625000 0.361548 0.624278 0.361024 0.624278 0.360849 0.624038 0.360849 0.622353
0 0.219165 0.622353 0.219165 0.625000 0.220388 0.625000 0.220563 0.625241 0.220563 0.625962 0.221087 0.625962 0.221261 0.626203 0.221261 0.626925 0.221785 0.626925 0.221960 0.627166 0.221960 0.627887 0.222484 0.627887 0.222659 0.628128 0.222659 0.628850 0.223183 0.628850 0.223358 0.629090 0.223358 0.629812 0.223882 0.629812 0.224057 0.630053 0.224057 0.630775 0.224581 0.630775 0.224755 0.631015 0.224755 0.633662 0.225978 0.633662 0.225978 0.632940 0.226153 0.632700 0.226677 0.632700 0.226677 0.631978 0.226852 0.631737 0.227376 0.631737 0.227376 0.631015 0.226852 0.631015 0.226677 0.630775 0.226677 0.630053 0.225454 0.630053 0.225280 0.629812 0.225280 0.629090 0.224755 0.629090 0.224581 0.628850 0.224581 0.628128 0.224057 0.628128 0.223882 0.627887 0.223882 0.627166 0.223358 0.627166 0.223183 0.626925 0.223183 0.626203 0.222659 0.626203 0.222484 0.625962 0.222484 0.625241 0.221960 0.625241 0.221785 0.625000 0.221785 0.624278 0.221261 0.624278 0.221087 0.624038 0.221087 0.622353
0 0.080101 0.622353 0.080101 0.625000 0.081324 0.625000 0.081499 0.625241 0.081499 0.625962 0.082023 0.625962 0.082198 0.626203 0.082198 0.626925 0.082722 0.626925 0.082897 0.627166 0.082897 0.627887 0.083421 0.627887 0.083595 0.628128 0.083595 0.628850 0.084119 0.628850 0.084294 0.629090 0.084294 0.629812 0.084818 0.629812 0.084993 0.630053 0.084993 0.630775 0.085517 0.630775 0.085692 0.631015 0.085692 0.633662 0.086915 0.633662 0.086915 0.632940 0.087089 0.632700 0.087614 0.632700 0.087614 0.631978 0.087788 0.631737 0.088312 0.631737 0.088312 0.631015 0.087788 0.631015 0.087614 0.630775 0.087614 0.630053 0.086391 0.630053 0.086216 0.629812 0.086216 0.629090 0.085692 0.629090 0.085517 0.628850 0.085517 0.628128 0.084993 0.628128 0.084818 0.627887 0.084818 0.627166 0.084294 0.627166 0.084119 0.626925 0.084119 0.626203 0.083595 0.626203 0.083421 0.625962 0.083421 0.625241 0.082897 0.625241 0.082722 0.625000 0.082722 0.624278 0.082198 0.624278 0.082023 0.624038 0.082023 0.622353
0 0.955538 0.585780 0.954315 0.585780 0.954140 0.584817 0.953616 0.584817 0.953442 0.583855 0.952918 0.583855 0.952743 0.582892 0.952219 0.582892 0.952044 0.581930 0.951520 0.581930 0.951345 0.580967 0.950821 0.580967 0.950646 0.580005 0.949249 0.578802 0.949249 0.577117 0.948026 0.577117 0.948026 0.577839 0.946628 0.579042 0.946628 0.581689 0.944532 0.581930 0.944532 0.582652 0.943833 0.582892 0.943833 0.583614 0.943134 0.583855 0.943134 0.584576 0.942435 0.584817 0.942435 0.585539 0.941737 0.585780 0.941737 0.586501 0.941038 0.586742 0.940164 0.588667 0.939640 0.588667 0.939640 0.590351 0.938242 0.590592 0.938242 0.591314 0.936845 0.592517 0.936845 0.593239 0.937544 0.593479 0.937544 0.596126 0.936845 0.596367 0.936845 0.597089 0.941562 0.597089 0.941737 0.599013 0.939640 0.599254 0.939465 0.598292 0.932652 0.598292 0.932652 0.599976 0.933875 0.599976 0.934050 0.600938 0.934574 0.600938 0.934748 0.601901 0.935273 0.601901 0.935447 0.602863 0.935971 0.602863 0.936146 0.603826 0.936670 0.603826 0.936845 0.604788 0.938242 0.605991 0.938242 0.608638 0.936146 0.608879 0.936146 0.612488 0.935447 0.612729 0.935273 0.613691 0.932652 0.613691 0.932477 0.612729 0.931778 0.612488 0.931778 0.609841 0.932477 0.609601 0.932652 0.608638 0.934574 0.608638 0.934574 0.607916 0.934050 0.607916 0.933176 0.605991 0.931953 0.605991 0.931778 0.608879 0.928983 0.608638 0.928983 0.605029 0.929682 0.604788 0.929857 0.603826 0.931778 0.603826 0.931778 0.602141 0.929857 0.602141 0.929857 0.602863 0.929158 0.603104 0.929158 0.603826 0.928459 0.604066 0.928459 0.604788 0.927760 0.605029 0.927760 0.605751 0.927061 0.605991 0.926188 0.607916 0.925664 0.607916 0.925664 0.608638 0.926887 0.608638 0.927061 0.609601 0.928459 0.610804 0.928459 0.613450 0.926363 0.613691 0.926188 0.612729 0.923567 0.612729 0.923393 0.613691 0.922170 0.613691 0.921995 0.614654 0.920772 0.614654 0.920772 0.615375 0.920073 0.615616 0.919200 0.617541 0.918676 0.617541 0.918676 0.620188 0.917977 0.620428 0.917977 0.621150 0.921296 0.621150 0.921296 0.620428 0.920597 0.620188 0.920597 0.617541 0.921296 0.617300 0.922170 0.615375 0.925489 0.615375 0.925664 0.616338 0.926188 0.616338 0.926363 0.617300 0.926887 0.617300 0.927061 0.618263 0.928459 0.619466 0.928459 0.622113 0.927760 0.622353 0.927760 0.624038 0.927061 0.624278 0.926887 0.625241 0.924965 0.625241 0.924790 0.624278 0.923393 0.623075 0.923393 0.622353 0.921471 0.622353 0.921471 0.623075 0.921995 0.623075 0.922170 0.624038 0.922694 0.624038 0.922869 0.625000 0.924266 0.626203 0.924266 0.627887 0.925489 0.627887 0.925489 0.627166 0.926188 0.626925 0.927061 0.625000 0.928284 0.625000 0.928284 0.623316 0.928983 0.623075 0.928983 0.619466 0.929682 0.619225 0.929682 0.618503 0.928983 0.618263 0.929158 0.614413 0.931080 0.614413 0.931254 0.615375 0.931953 0.615616 0.931953 0.618263 0.933176 0.618263 0.933176 0.617541 0.933875 0.617300 0.933875 0.616578 0.934574 0.616338 0.934574 0.615616 0.935273 0.615375 0.935273 0.614654 0.935971 0.614413 0.936845 0.612488 0.937369 0.612488 0.937369 0.609841 0.939465 0.609601 0.939465 0.608879 0.940863 0.607676 0.940164 0.605991 0.938941 0.605991 0.938767 0.605029 0.938242 0.605029 0.938068 0.604066 0.936670 0.602863 0.936670 0.600217 0.938767 0.599976 0.938941 0.600938 0.943658 0.600938 0.943658 0.600217 0.944357 0.599976 0.944357 0.599254 0.943833 0.599254 0.942959 0.597329 0.941737 0.597329 0.941562 0.596367 0.940164 0.595164 0.940164 0.591554 0.941562 0.591314 0.941737 0.588426 0.943658 0.588426 0.944532 0.590351 0.945755 0.590351 0.945929 0.592276 0.946454 0.592276 0.947327 0.594201 0.950646 0.594201 0.949948 0.592517 0.948725 0.592517 0.948550 0.591554 0.948026 0.591554 0.947851 0.590592 0.947327 0.590592 0.947152 0.589629 0.946628 0.589629 0.946454 0.588667 0.945929 0.588667 0.945755 0.587705 0.944357 0.586501 0.944357 0.583855 0.947152 0.583614 0.947327 0.581689 0.949249 0.581689 0.949423 0.582652 0.949948 0.582652 0.950122 0.583614 0.950646 0.583614 0.950821 0.584576 0.951345 0.584576 0.951520 0.585539 0.952044 0.585539 0.952219 0.586501 0.953616 0.587705 0.953616 0.589389 0.954140 0.589389 0.954140 0.588667 0.955538 0.587464
0 0.816474 0.585780 0.815252 0.585780 0.815077 0.584817 0.814553 0.584817 0.814378 0.583855 0.813854 0.583855 0.813679 0.582892 0.813155 0.582892 0.812980 0.581930 0.812456 0.581930 0.812282 0.580967 0.811758 0.580967 0.811583 0.580005 0.810185 0.578802 0.810185 0.577117 0.808962 0.577117 0.808962 0.577839 0.807565 0.579042 0.807565 0.581689 0.805468 0.581930 0.805468 0.582652 0.804769 0.582892 0.804769 0.583614 0.804071 0.583855 0.804071 0.584576 0.803372 0.584817 0.803372 0.585539 0.802673 0.585780 0.802673 0.586501 0.801974 0.586742 0.801101 0.588667 0.800577 0.588667 0.800577 0.590351 0.799179 0.590592 0.799179 0.591314 0.797781 0.592517 0.797781 0.593239 0.798480 0.593479 0.798480 0.596126 0.797781 0.596367 0.797781 0.597089 0.802498 0.597089 0.802673 0.599013 0.800577 0.599254 0.800402 0.598292 0.793588 0.598292 0.793588 0.599976 0.794811 0.599976 0.794986 0.600938 0.795510 0.600938 0.795685 0.601901 0.796209 0.601901 0.796384 0.602863 0.796908 0.602863 0.797082 0.603826 0.797607 0.603826 0.797781 0.604788 0.799179 0.605991 0.799179 0.608638 0.797082 0.608879 0.797082 0.612488 0.796384 0.612729 0.796209 0.613691 0.793588 0.613691 0.793414 0.612729 0.792715 0.612488 0.792715 0.609841 0.793414 0.609601 0.793588 0.608638 0.795510 0.608638 0.795510 0.607916 0.794986 0.607916 0.794113 0.605991 0.792890 0.605991 0.792715 0.608879 0.789920 0.608638 0.789920 0.605029 0.790618 0.604788 0.790793 0.603826 0.792715 0.603826 0.792715 0.602141 0.790793 0.602141 0.790793 0.602863 0.790094 0.603104 0.790094 0.603826 0.789396 0.604066 0.789396 0.604788 0.788697 0.605029 0.788697 0.605751 0.787998 0.605991 0.787124 0.607916 0.786600 0.607916 0.786600 0.608638 0.787823 0.608638 0.787998 0.609601 0.789396 0.610804 0.789396 0.613450 0.787299 0.613691 0.787124 0.612729 0.784504 0.612729 0.784329 0.613691 0.783106 0.613691 0.782932 0.614654 0.781709 0.614654 0.781709 0.615375 0.781010 0.615616 0.780136 0.617541 0.779612 0.617541 0.779612 0.620188 0.778913 0.620428 0.778913 0.621150 0.782233 0.621150 0.782233 0.620428 0.781534 0.620188 0.781534 0.617541 0.782233 0.617300 0.783106 0.615375 0.786426 0.615375 0.786600 0.616338 0.787124 0.616338 0.787299 0.617300 0.787823 0.617300 0.787998 0.618263 0.789396 0.619466 0.789396 0.622113 0.788697 0.622353 0.788697 0.624038 0.787998 0.624278 0.787823 0.625241 0.785901 0.625241 0.785727 0.624278 0.784329 0.623075 0.784329 0.622353 0.782407 0.622353 0.782407 0.623075 0.782932 0.623075 0.783106 0.624038 0.783630 0.624038 0.783805 0.625000 0.785203 0.626203 0.785203 0.627887 0.786426 0.627887 0.786426 0.627166 0.787124 0.626925 0.787998 0.625000 0.789221 0.625000 0.789221 0.623316 0.789920 0.623075 0.789920 0.619466 0.790618 0.619225 0.790618 0.618503 0.789920 0.618263 0.790094 0.614413 0.792016 0.614413 0.792191 0.615375 0.792890 0.615616 0.792890 0.618263 0.794113 0.618263 0.794113 0.617541 0.794811 0.617300 0.794811 0.616578 0.795510 0.616338 0.795510 0.615616 0.796209 0.615375 0.796209 0.614654 0.796908 0.614413 0.797781 0.612488 0.798305 0.612488 0.798305 0.609841 0.800402 0.609601 0.800402 0.608879 0.801799 0.607676 0.801101 0.605991 0.799878 0.605991 0.799703 0.605029 0.799179 0.605029 0.799004 0.604066 0.797607 0.602863 0.797607 0.600217 0.799703 0.599976 0.799878 0.600938 0.804595 0.600938 0.804595 0.600217 0.805294 0.599976 0.805294 0.599254 0.804769 0.599254 0.803896 0.597329 0.802673 0.597329 0.802498 0.596367 0.801101 0.595164 0.801101 0.591554 0.802498 0.591314 0.802673 0.588426 0.804595 0.588426 0.805468 0.590351 0.806691 0.590351 0.806866 0.592276 0.807390 0.592276 0.808263 0.594201 0.811583 0.594201 0.810884 0.592517 0.809661 0.592517 0.809486 0.591554 0.808962 0.591554 0.808788 0.590592 0.808263 0.590592 0.808089 0.589629 0.807565 0.589629 0.807390 0.588667 0.806866 0.588667 0.806691 0.587705 0.805294 0.586501 0.805294 0.583855 0.808089 0.583614 0.808263 0.581689 0.810185 0.581689 0.810360 0.582652 0.810884 0.582652 0.811059 0.583614 0.811583 0.583614 0.811758 0.584576 0.812282 0.584576 0.812456 0.585539 0.812980 0.585539 0.813155 0.586501 0.814553 0.587705 0.814553 0.589389 0.815077 0.589389 0.815077 0.588667 0.816474 0.587464
0 0.677411 0.585780 0.676188 0.585780 0.676013 0.584817 0.675489 0.584817 0.675314 0.583855 0.674790 0.583855 0.674616 0.582892 0.674092 0.582892 0.673917 0.581930 0.673393 0.581930 0.673218 0.580967 0.672694 0.580967 0.672519 0.580005 0.671122 0.578802 0.671122 0.577117 0.669899 0.577117 0.669899 0.577839 0.668501 0.579042 0.668501 0.581689 0.666405 0.581930 0.666405 0.582652 0.665706 0.582892 0.665706 0.583614 0.665007 0.583855 0.665007 0.584576 0.664308 0.584817 0.664308 0.585539 0.663609 0.585780 0.663609 0.586501 0.662911 0.586742 0.662037 0.588667 0.661513 0.588667 0.661513 0.590351 0.660115 0.590592 0.660115 0.591314 0.658718 0.592517 0.658718 0.593239 0.659416 0.593479 0.659416 0.596126 0.658718 0.596367 0.658718 0.597089 0.663435 0.597089 0.663609 0.599013 0.661513 0.599254 0.661338 0.598292 0.654525 0.598292 0.654525 0.599976 0.655748 0.599976 0.655922 0.600938 0.656447 0.600938 0.656621 0.601901 0.657145 0.601901 0.657320 0.602863 0.657844 0.602863 0.658019 0.603826 0.658543 0.603826 0.658718 0.604788 0.660115 0.605991 0.660115 0.608638 0.658019 0.608879 0.658019 0.612488 0.657320 0.612729 0.657145 0.613691 0.654525 0.613691 0.654350 0.612729 0.653651 0.612488 0.653651 0.609841 0.654350 0.609601 0.654525 0.608638 0.656447 0.608638 0.656447 0.607916 0.655922 0.607916 0.655049 0.605991 0.653826 0.605991 0.653651 0.608879 0.650856 0.608638 0.650856 0.605029 0.651555 0.604788 0.651730 0.603826 0.653651 0.603826 0.653651 0.602141 0.651730 0.602141 0.651730 0.602863 0.651031 0.603104 0.651031 0.603826 0.650332 0.604066 0.650332 0.604788 0.649633 0.605029 0.649633 0.605751 0.648934 0.605991 0.648061 0.607916 0.647537 0.607916 0.647537 0.608638 0.648760 0.608638 0.648934 0.609601 0.650332 0.610804 0.650332 0.613450 0.648235 0.613691 0.648061 0.612729 0.645440 0.612729 0.645266 0.613691 0.644043 0.613691 0.643868 0.614654 0.642645 0.614654 0.642645 0.615375 0.641946 0.615616 0.641073 0.617541 0.640549 0.617541 0.640549 0.620188 0.639850 0.620428 0.639850 0.621150 0.643169 0.621150 0.643169 0.620428 0.642470 0.620188 0.642470 0.617541 0.643169 0.617300 0.644043 0.615375 0.647362 0.615375 0.647537 0.616338 0.648061 0.616338 0.648235 0.617300 0.648760 0.617300 0.648934 0.618263 0.650332 0.619466 0.650332 0.622113 0.649633 0.622353 0.649633 0.624038 0.648934 0.624278 0.648760 0.625241 0.646838 0.625241 0.646663 0.624278 0.645266 0.623075 0.645266 0.622353 0.643344 0.622353 0.643344 0.623075 0.643868 0.623075 0.644043 0.624038 0.644567 0.624038 0.644741 0.625000 0.646139 0.626203 0.646139 0.627887 0.647362 0.627887 0.647362 0.627166 0.648061 0.626925 0.648934 0.625000 0.650157 0.625000 0.650157 0.623316 0.650856 0.623075 0.650856 0.619466 0.651555 0.619225 0.651555 0.618503 0.650856 0.618263 0.651031 0.614413 0.652952 0.614413 0.653127 0.615375 0.653826 0.615616 0.653826 0.618263 0.655049 0.618263 0.655049 0.617541 0.655748 0.617300 0.655748 0.616578 0.656447 0.616338 0.656447 0.615616 0.657145 0.615375 0.657145 0.614654 0.657844 0.614413 0.658718 0.612488 0.659242 0.612488 0.659242 0.609841 0.661338 0.609601 0.661338 0.608879 0.662736 0.607676 0.662037 0.605991 0.660814 0.605991 0.660639 0.605029 0.660115 0.605029 0.659941 0.604066 0.658543 0.602863 0.658543 0.600217 0.660639 0.599976 0.660814 0.600938 0.665531 0.600938 0.665531 0.600217 0.666230 0.599976 0.666230 0.599254 0.665706 0.599254 0.664832 0.597329 0.663609 0.597329 0.663435 0.596367 0.662037 0.595164 0.662037 0.591554 0.663435 0.591314 0.663609 0.588426 0.665531 0.588426 0.666405 0.590351 0.667628 0.590351 0.667802 0.592276 0.668326 0.592276 0.669200 0.594201 0.672519 0.594201 0.671820 0.592517 0.670597 0.592517 0.670423 0.591554 0.669899 0.591554 0.669724 0.590592 0.669200 0.590592 0.669025 0.589629 0.668501 0.589629 0.668326 0.588667 0.667802 0.588667 0.667628 0.587705 0.666230 0.586501 0.666230 0.583855 0.669025 0.583614 0.669200 0.581689 0.671122 0.581689 0.671296 0.582652 0.671820 0.582652 0.671995 0.583614 0.672519 0.583614 0.672694 0.584576 0.673218 0.584576 0.673393 0.585539 0.673917 0.585539 0.674092 0.586501 0.675489 0.587705 0.675489 0.589389 0.676013 0.589389 0.676013 0.588667 0.677411 0.587464
0 0.538347 0.585780 0.537124 0.585780 0.536950 0.584817 0.536426 0.584817 0.536251 0.583855 0.535727 0.583855 0.535552 0.582892 0.535028 0.582892 0.534853 0.581930 0.534329 0.581930 0.534154 0.580967 0.533630 0.580967 0.533456 0.580005 0.532058 0.578802 0.532058 0.577117 0.530835 0.577117 0.530835 0.577839 0.529437 0.579042 0.529437 0.581689 0.527341 0.581930 0.527341 0.582652 0.526642 0.582892 0.526642 0.583614 0.525943 0.583855 0.525943 0.584576 0.525245 0.584817 0.525245 0.585539 0.524546 0.585780 0.524546 0.586501 0.523847 0.586742 0.522973 0.588667 0.522449 0.588667 0.522449 0.590351 0.521052 0.590592 0.521052 0.591314 0.519654 0.592517 0.519654 0.593239 0.520353 0.593479 0.520353 0.596126 0.519654 0.596367 0.519654 0.597089 0.524371 0.597089 0.524546 0.599013 0.522449 0.599254 0.522275 0.598292 0.515461 0.598292 0.515461 0.599976 0.516684 0.599976 0.516859 0.600938 0.517383 0.600938 0.517558 0.601901 0.518082 0.601901 0.518256 0.602863 0.518781 0.602863 0.518955 0.603826 0.519479 0.603826 0.519654 0.604788 0.521052 0.605991 0.521052 0.608638 0.518955 0.608879 0.518955 0.612488 0.518256 0.612729 0.518082 0.613691 0.515461 0.613691 0.515287 0.612729 0.514588 0.612488 0.514588 0.609841 0.515287 0.609601 0.515461 0.608638 0.517383 0.608638 0.517383 0.607916 0.516859 0.607916 0.515985 0.605991 0.514762 0.605991 0.514588 0.608879 0.511792 0.608638 0.511792 0.605029 0.512491 0.604788 0.512666 0.603826 0.514588 0.603826 0.514588 0.602141 0.512666 0.602141 0.512666 0.602863 0.511967 0.603104 0.511967 0.603826 0.511268 0.604066 0.511268 0.604788 0.510570 0.605029 0.510570 0.605751 0.509871 0.605991 0.508997 0.607916 0.508473 0.607916 0.508473 0.608638 0.509696 0.608638 0.509871 0.609601 0.511268 0.610804 0.511268 0.613450 0.509172 0.613691 0.508997 0.612729 0.506377 0.612729 0.506202 0.613691 0.504979 0.613691 0.504804 0.614654 0.503581 0.614654 0.503581 0.615375 0.502883 0.615616 0.502009 0.617541 0.501485 0.617541 0.501485 0.620188 0.500786 0.620428 0.500786 0.621150 0.504106 0.621150 0.504106 0.620428 0.503407 0.620188 0.503407 0.617541 0.504106 0.617300 0.504979 0.615375 0.508298 0.615375 0.508473 0.616338 0.508997 0.616338 0.509172 0.617300 0.509696 0.617300 0.509871 0.618263 0.511268 0.619466 0.511268 0.622113 0.510570 0.622353 0.510570 0.624038 0.509871 0.624278 0.509696 0.625241 0.507774 0.625241 0.507600 0.624278 0.506202 0.623075 0.506202 0.622353 0.504280 0.622353 0.504280 0.623075 0.504804 0.623075 0.504979 0.624038 0.505503 0.624038 0.505678 0.625000 0.507075 0.626203 0.507075 0.627887 0.508298 0.627887 0.508298 0.627166 0.508997 0.626925 0.509871 0.625000 0.511094 0.625000 0.511094 0.623316 0.511792 0.623075 0.511792 0.619466 0.512491 0.619225 0.512491 0.618503 0.511792 0.618263 0.511967 0.614413 0.513889 0.614413 0.514064 0.615375 0.514762 0.615616 0.514762 0.618263 0.515985 0.618263 0.515985 0.617541 0.516684 0.617300 0.516684 0.616578 0.517383 0.616338 0.517383 0.615616 0.518082 0.615375 0.518082 0.614654 0.518781 0.614413 0.519654 0.612488 0.520178 0.612488 0.520178 0.609841 0.522275 0.609601 0.522275 0.608879 0.523672 0.607676 0.522973 0.605991 0.521751 0.605991 0.521576 0.605029 0.521052 0.605029 0.520877 0.604066 0.519479 0.602863 0.519479 0.600217 0.521576 0.599976 0.521751 0.600938 0.526468 0.600938 0.526468 0.600217 0.527166 0.599976 0.527166 0.599254 0.526642 0.599254 0.525769 0.597329 0.524546 0.597329 0.524371 0.596367 0.522973 0.595164 0.522973 0.591554 0.524371 0.591314 0.524546 0.588426 0.526468 0.588426 0.527341 0.590351 0.528564 0.590351 0.528739 0.592276 0.529263 0.592276 0.530136 0.594201 0.533456 0.594201 0.532757 0.592517 0.531534 0.592517 0.531359 0.591554 0.530835 0.591554 0.530660 0.590592 0.530136 0.590592 0.529962 0.589629 0.529437 0.589629 0.529263 0.588667 0.528739 0.588667 0.528564 0.587705 0.527166 0.586501 0.527166 0.583855 0.529962 0.583614 0.530136 0.581689 0.532058 0.581689 0.532233 0.582652 0.532757 0.582652 0.532932 0.583614 0.533456 0.583614 0.533630 0.584576 0.534154 0.584576 0.534329 0.585539 0.534853 0.585539 0.535028 0.586501 0.536426 0.587705 0.536426 0.589389 0.536950 0.589389 0.536950 0.588667 0.538347 0.587464
0 0.399284 0.585780 0.398061 0.585780 0.397886 0.584817 0.397362 0.584817 0.397187 0.583855 0.396663 0.583855 0.396488 0.582892 0.395964 0.582892 0.395790 0.581930 0.395266 0.581930 0.395091 0.580967 0.394567 0.580967 0.394392 0.580005 0.392994 0.578802 0.392994 0.577117 0.391771 0.577117 0.391771 0.577839 0.390374 0.579042 0.390374 0.581689 0.388277 0.581930 0.388277 0.582652 0.387579 0.582892 0.387579 0.583614 0.386880 0.583855 0.386880 0.584576 0.386181 0.584817 0.386181 0.585539 0.385482 0.585780 0.385482 0.586501 0.384783 0.586742 0.383910 0.588667 0.383386 0.588667 0.383386 0.590351 0.381988 0.590592 0.381988 0.591314 0.380590 0.592517 0.380590 0.593239 0.381289 0.593479 0.381289 0.596126 0.380590 0.596367 0.380590 0.597089 0.385307 0.597089 0.385482 0.599013 0.383386 0.599254 0.383211 0.598292 0.376398 0.598292 0.376398 0.599976 0.377621 0.599976 0.377795 0.600938 0.378319 0.600938 0.378494 0.601901 0.379018 0.601901 0.379193 0.602863 0.379717 0.602863 0.379892 0.603826 0.380416 0.603826 0.380590 0.604788 0.381988 0.605991 0.381988 0.608638 0.379892 0.608879 0.379892 0.612488 0.379193 0.612729 0.379018 0.613691 0.376398 0.613691 0.376223 0.612729 0.375524 0.612488 0.375524 0.609841 0.376223 0.609601 0.376398 0.608638 0.378319 0.608638 0.378319 0.607916 0.377795 0.607916 0.376922 0.605991 0.375699 0.605991 0.375524 0.608879 0.372729 0.608638 0.372729 0.605029 0.373428 0.604788 0.373602 0.603826 0.375524 0.603826 0.375524 0.602141 0.373602 0.602141 0.373602 0.602863 0.372904 0.603104 0.372904 0.603826 0.372205 0.604066 0.372205 0.604788 0.371506 0.605029 0.371506 0.605751 0.370807 0.605991 0.369934 0.607916 0.369410 0.607916 0.369410 0.608638 0.370632 0.608638 0.370807 0.609601 0.372205 0.610804 0.372205 0.613450 0.370108 0.613691 0.369934 0.612729 0.367313 0.612729 0.367138 0.613691 0.365915 0.613691 0.365741 0.614654 0.364518 0.614654 0.364518 0.615375 0.363819 0.615616 0.362945 0.617541 0.362421 0.617541 0.362421 0.620188 0.361723 0.620428 0.361723 0.621150 0.365042 0.621150 0.365042 0.620428 0.364343 0.620188 0.364343 0.617541 0.365042 0.617300 0.365915 0.615375 0.369235 0.615375 0.369410 0.616338 0.369934 0.616338 0.370108 0.617300 0.370632 0.617300 0.370807 0.618263 0.372205 0.619466 0.372205 0.622113 0.371506 0.622353 0.371506 0.624038 0.370807 0.624278 0.370632 0.625241 0.368711 0.625241 0.368536 0.624278 0.367138 0.623075 0.367138 0.622353 0.365217 0.622353 0.365217 0.623075 0.365741 0.623075 0.365915 0.624038 0.366440 0.624038 0.366614 0.625000 0.368012 0.626203 0.368012 0.627887 0.369235 0.627887 0.369235 0.627166 0.369934 0.626925 0.370807 0.625000 0.372030 0.625000 0.372030 0.623316 0.372729 0.623075 0.372729 0.619466 0.373428 0.619225 0.373428 0.618503 0.372729 0.618263 0.372904 0.614413 0.374825 0.614413 0.375000 0.615375 0.375699 0.615616 0.375699 0.618263 0.376922 0.618263 0.376922 0.617541 0.377621 0.617300 0.377621 0.616578 0.378319 0.616338 0.378319 0.615616 0.379018 0.615375 0.379018 0.614654 0.379717 0.614413 0.380590 0.612488 0.381115 0.612488 0.381115 0.609841 0.383211 0.609601 0.383211 0.608879 0.384609 0.607676 0.383910 0.605991 0.382687 0.605991 0.382512 0.605029 0.381988 0.605029 0.381813 0.604066 0.380416 0.602863 0.380416 0.600217 0.382512 0.599976 0.382687 0.600938 0.387404 0.600938 0.387404 0.600217 0.388103 0.599976 0.388103 0.599254 0.387579 0.599254 0.386705 0.597329 0.385482 0.597329 0.385307 0.596367 0.383910 0.595164 0.383910 0.591554 0.385307 0.591314 0.385482 0.588426 0.387404 0.588426 0.388277 0.590351 0.389500 0.590351 0.389675 0.592276 0.390199 0.592276 0.391073 0.594201 0.394392 0.594201 0.393693 0.592517 0.392470 0.592517 0.392296 0.591554 0.391771 0.591554 0.391597 0.590592 0.391073 0.590592 0.390898 0.589629 0.390374 0.589629 0.390199 0.588667 0.389675 0.588667 0.389500 0.587705 0.388103 0.586501 0.388103 0.583855 0.390898 0.583614 0.391073 0.581689 0.392994 0.581689 0.393169 0.582652 0.393693 0.582652 0.393868 0.583614 0.394392 0.583614 0.394567 0.584576 0.395091 0.584576 0.395266 0.585539 0.395790 0.585539 0.395964 0.586501 0.397362 0.587705 0.397362 0.589389 0.397886 0.589389 0.397886 0.588667 0.399284 0.587464
0 0.259521 0.585780 0.258298 0.585780 0.258124 0.584817 0.257600 0.584817 0.257425 0.583855 0.256901 0.583855 0.256726 0.582892 0.256202 0.582892 0.256027 0.581930 0.255503 0.581930 0.255328 0.580967 0.254804 0.580967 0.254630 0.580005 0.253232 0.578802 0.253232 0.577117 0.252009 0.577117 0.252009 0.577839 0.250611 0.579042 0.250611 0.581689 0.248515 0.581930 0.248515 0.582652 0.247816 0.582892 0.247816 0.583614 0.247117 0.583855 0.247117 0.584576 0.246419 0.584817 0.246419 0.585539 0.245720 0.585780 0.245720 0.586501 0.245021 0.586742 0.244147 0.588667 0.243623 0.588667 0.243623 0.590351 0.242226 0.590592 0.242226 0.591314 0.240828 0.592517 0.240828 0.593239 0.241527 0.593479 0.241527 0.596126 0.240828 0.596367 0.240828 0.597089 0.245545 0.597089 0.245720 0.599013 0.243623 0.599254 0.243449 0.598292 0.236635 0.598292 0.236635 0.599976 0.237858 0.599976 0.238033 0.600938 0.238557 0.600938 0.238732 0.601901 0.239256 0.601901 0.239430 0.602863 0.239955 0.602863 0.240129 0.603826 0.240653 0.603826 0.240828 0.604788 0.242226 0.605991 0.242226 0.608638 0.240129 0.608879 0.240129 0.612488 0.239430 0.612729 0.239256 0.613691 0.236635 0.613691 0.236461 0.612729 0.235762 0.612488 0.235762 0.609841 0.236461 0.609601 0.236635 0.608638 0.238557 0.608638 0.238557 0.607916 0.238033 0.607916 0.237159 0.605991 0.235936 0.605991 0.235762 0.608879 0.232966 0.608638 0.232966 0.605029 0.233665 0.604788 0.233840 0.603826 0.235762 0.603826 0.235762 0.602141 0.233840 0.602141 0.233840 0.602863 0.233141 0.603104 0.233141 0.603826 0.232442 0.604066 0.232442 0.604788 0.231744 0.605029 0.231744 0.605751 0.231045 0.605991 0.230171 0.607916 0.229647 0.607916 0.229647 0.608638 0.230870 0.608638 0.231045 0.609601 0.232442 0.610804 0.232442 0.613450 0.230346 0.613691 0.230171 0.612729 0.227551 0.612729 0.227376 0.613691 0.226153 0.613691 0.225978 0.614654 0.224755 0.614654 0.224755 0.615375 0.224057 0.615616 0.223183 0.617541 0.222659 0.617541 0.222659 0.620188 0.221960 0.620428 0.221960 0.621150 0.225280 0.621150 0.225280 0.620428 0.224581 0.620188 0.224581 0.617541 0.225280 0.617300 0.226153 0.615375 0.229472 0.615375 0.229647 0.616338 0.230171 0.616338 0.230346 0.617300 0.230870 0.617300 0.231045 0.618263 0.232442 0.619466 0.232442 0.622113 0.231744 0.622353 0.231744 0.624038 0.231045 0.624278 0.230870 0.625241 0.228948 0.625241 0.228774 0.624278 0.227376 0.623075 0.227376 0.622353 0.225454 0.622353 0.225454 0.623075 0.225978 0.623075 0.226153 0.624038 0.226677 0.624038 0.226852 0.625000 0.228249 0.626203 0.228249 0.627887 0.229472 0.627887 0.229472 0.627166 0.230171 0.626925 0.231045 0.625000 0.232268 0.625000 0.232268 0.623316 0.232966 0.623075 0.232966 0.619466 0.233665 0.619225 0.233665 0.618503 0.232966 0.618263 0.233141 0.614413 0.235063 0.614413 0.235238 0.615375 0.235936 0.615616 0.235936 0.618263 0.237159 0.618263 0.237159 0.617541 0.237858 0.617300 0.237858 0.616578 0.238557 0.616338 0.238557 0.615616 0.239256 0.615375 0.239256 0.614654 0.239955 0.614413 0.240828 0.612488 0.241352 0.612488 0.241352 0.609841 0.243449 0.609601 0.243449 0.608879 0.244846 0.607676 0.244147 0.605991 0.242925 0.605991 0.242750 0.605029 0.242226 0.605029 0.242051 0.604066 0.240653 0.602863 0.240653 0.600217 0.242750 0.599976 0.242925 0.600938 0.247642 0.600938 0.247642 0.600217 0.248340 0.599976 0.248340 0.599254 0.247816 0.599254 0.246943 0.597329 0.245720 0.597329 0.245545 0.596367 0.244147 0.595164 0.244147 0.591554 0.245545 0.591314 0.245720 0.588426 0.247642 0.588426 0.248515 0.590351 0.249738 0.590351 0.249913 0.592276 0.250437 0.592276 0.251310 0.594201 0.254630 0.594201 0.253931 0.592517 0.252708 0.592517 0.252533 0.591554 0.252009 0.591554 0.251834 0.590592 0.251310 0.590592 0.251136 0.589629 0.250611 0.589629 0.250437 0.588667 0.249913 0.588667 0.249738 0.587705 0.248340 0.586501 0.248340 0.583855 0.251136 0.583614 0.251310 0.581689 0.253232 0.581689 0.253407 0.582652 0.253931 0.582652 0.254106 0.583614 0.254630 0.583614 0.254804 0.584576 0.255328 0.584576 0.255503 0.585539 0.256027 0.585539 0.256202 0.586501 0.257600 0.587705 0.257600 0.589389 0.258124 0.589389 0.258124 0.588667 0.259521 0.587464
0 0.120458 0.585780 0.119235 0.585780 0.119060 0.584817 0.118536 0.584817 0.118361 0.583855 0.117837 0.583855 0.117662 0.582892 0.117138 0.582892 0.116964 0.581930 0.116440 0.581930 0.116265 0.580967 0.115741 0.580967 0.115566 0.580005 0.114168 0.578802 0.114168 0.577117 0.112945 0.577117 0.112945 0.577839 0.111548 0.579042 0.111548 0.581689 0.109451 0.581930 0.109451 0.582652 0.108753 0.582892 0.108753 0.583614 0.108054 0.583855 0.108054 0.584576 0.107355 0.584817 0.107355 0.585539 0.106656 0.585780 0.106656 0.586501 0.105957 0.586742 0.105084 0.588667 0.104560 0.588667 0.104560 0.590351 0.103162 0.590592 0.103162 0.591314 0.101765 0.592517 0.101765 0.593239 0.102463 0.593479 0.102463 0.596126 0.101765 0.596367 0.101765 0.597089 0.106481 0.597089 0.106656 0.599013 0.104560 0.599254 0.104385 0.598292 0.097572 0.598292 0.097572 0.599976 0.098795 0.599976 0.098969 0.600938 0.099493 0.600938 0.099668 0.601901 0.100192 0.601901 0.100367 0.602863 0.100891 0.602863 0.101066 0.603826 0.101590 0.603826 0.101765 0.604788 0.103162 0.605991 0.103162 0.608638 0.101066 0.608879 0.101066 0.612488 0.100367 0.612729 0.100192 0.613691 0.097572 0.613691 0.097397 0.612729 0.096698 0.612488 0.096698 0.609841 0.097397 0.609601 0.097572 0.608638 0.099493 0.608638 0.099493 0.607916 0.098969 0.607916 0.098096 0.605991 0.096873 0.605991 0.096698 0.608879 0.093903 0.608638 0.093903 0.605029 0.094602 0.604788 0.094776 0.603826 0.096698 0.603826 0.096698 0.602141 0.094776 0.602141 0.094776 0.602863 0.094078 0.603104 0.094078 0.603826 0.093379 0.604066 0.093379 0.604788 0.092680 0.605029 0.092680 0.605751 0.091981 0.605991 0.091108 0.607916 0.090584 0.607916 0.090584 0.608638 0.091806 0.608638 0.091981 0.609601 0.093379 0.610804 0.093379 0.613450 0.091282 0.613691 0.091108 0.612729 0.088487 0.612729 0.088312 0.613691 0.087089 0.613691 0.086915 0.614654 0.085692 0.614654 0.085692 0.615375 0.084993 0.615616 0.084119 0.617541 0.083595 0.617541 0.083595 0.620188 0.082897 0.620428 0.082897 0.621150 0.086216 0.621150 0.086216 0.620428 0.085517 0.620188 0.085517 0.617541 0.086216 0.617300 0.087089 0.615375 0.090409 0.615375 0.090584 0.616338 0.091108 0.616338 0.091282 0.617300 0.091806 0.617300 0.091981 0.618263 0.093379 0.619466 0.093379 0.622113 0.092680 0.622353 0.092680 0.624038 0.091981 0.624278 0.091806 0.625241 0.089885 0.625241 0.089710 0.624278 0.088312 0.623075 0.088312 0.622353 0.086391 0.622353 0.086391 0.623075 0.086915 0.623075 0.087089 0.624038 0.087614 0.624038 0.087788 0.625000 0.089186 0.626203 0.089186 0.627887 0.090409 0.627887 0.090409 0.627166 0.091108 0.626925 0.091981 0.625000 0.093204 0.625000 0.093204 0.623316 0.093903 0.623075 0.093903 0.619466 0.094602 0.619225 0.094602 0.618503 0.093903 0.618263 0.094078 0.614413 0.095999 0.614413 0.096174 0.615375 0.096873 0.615616 0.096873 0.618263 0.098096 0.618263 0.098096 0.617541 0.098795 0.617300 0.098795 0.616578 0.099493 0.616338 0.099493 0.615616 0.100192 0.615375 0.100192 0.614654 0.100891 0.614413 0.101765 0.612488 0.102289 0.612488 0.102289 0.609841 0.104385 0.609601 0.104385 0.608879 0.105783 0.607676 0.105084 0.605991 0.103861 0.605991 0.103686 0.605029 0.103162 0.605029 0.102987 0.604066 0.101590 0.602863 0.101590 0.600217 0.103686 0.599976 0.103861 0.600938 0.108578 0.600938 0.108578 0.600217 0.109277 0.599976 0.109277 0.599254 0.108753 0.599254 0.107879 0.597329 0.106656 0.597329 0.106481 0.596367 0.105084 0.595164 0.105084 0.591554 0.106481 0.591314 0.106656 0.588426 0.108578 0.588426 0.109451 0.590351 0.110674 0.590351 0.110849 0.592276 0.111373 0.592276 0.112247 0.594201 0.115566 0.594201 0.114867 0.592517 0.113644 0.592517 0.113470 0.591554 0.112945 0.591554 0.112771 0.590592 0.112247 0.590592 0.112072 0.589629 0.111548 0.589629 0.111373 0.588667 0.110849 0.588667 0.110674 0.587705 0.109277 0.586501 0.109277 0.583855 0.112072 0.583614 0.112247 0.581689 0.114168 0.581689 0.114343 0.582652 0.114867 0.582652 0.115042 0.583614 0.115566 0.583614 0.115741 0.584576 0.116265 0.584576 0.116440 0.585539 0.116964 0.585539 0.117138 0.586501 0.118536 0.587705 0.118536 0.589389 0.119060 0.589389 0.119060 0.588667 0.120458 0.587464
0 0.954315 0.573268 0.954315 0.575914 0.954839 0.575914 0.955014 0.576155 0.955014 0.578802 0.955538 0.578802 0.955713 0.579042 0.955713 0.580727 0.956237 0.580727 0.956412 0.580967 0.956412 0.584576 0.957635 0.584576 0.957635 0.583855 0.957809 0.583614 0.958333 0.583614 0.958333 0.581930 0.957809 0.581930 0.957635 0.581689 0.957635 0.580967 0.957110 0.580967 0.956936 0.580727 0.956936 0.578080 0.957110 0.577839 0.957635 0.577839 0.957635 0.577117 0.957809 0.576877 0.958333 0.576877 0.958333 0.576155 0.958508 0.575914 0.960430 0.575914 0.960604 0.576155 0.960604 0.576877 0.961129 0.576877 0.961303 0.577117 0.961303 0.577839 0.962526 0.577839 0.962526 0.577117 0.962701 0.576877 0.963225 0.576877 0.963225 0.576155 0.963400 0.575914 0.963924 0.575914 0.963924 0.575193 0.962002 0.575193 0.961827 0.574952 0.961827 0.574230 0.959906 0.574230 0.959731 0.573989 0.959731 0.573268
0 0.815252 0.573268 0.815252 0.575914 0.815776 0.575914 0.815950 0.576155 0.815950 0.578802 0.816474 0.578802 0.816649 0.579042 0.816649 0.580727 0.817173 0.580727 0.817348 0.580967 0.817348 0.584576 0.818571 0.584576 0.818571 0.583855 0.818746 0.583614 0.819270 0.583614 0.819270 0.581930 0.818746 0.581930 0.818571 0.581689 0.818571 0.580967 0.818047 0.580967 0.817872 0.580727 0.817872 0.578080 0.818047 0.577839 0.818571 0.577839 0.818571 0.577117 0.818746 0.576877 0.819270 0.576877 0.819270 0.576155 0.819444 0.575914 0.821366 0.575914 0.821541 0.576155 0.821541 0.576877 0.822065 0.576877 0.822240 0.577117 0.822240 0.577839 0.823463 0.577839 0.823463 0.577117 0.823637 0.576877 0.824161 0.576877 0.824161 0.576155 0.824336 0.575914 0.824860 0.575914 0.824860 0.575193 0.822939 0.575193 0.822764 0.574952 0.822764 0.574230 0.820842 0.574230 0.820667 0.573989 0.820667 0.573268
0 0.676188 0.573268 0.676188 0.575914 0.676712 0.575914 0.676887 0.576155 0.676887 0.578802 0.677411 0.578802 0.677586 0.579042 0.677586 0.580727 0.678110 0.580727 0.678284 0.580967 0.678284 0.584576 0.679507 0.584576 0.679507 0.583855 0.679682 0.583614 0.680206 0.583614 0.680206 0.581930 0.679682 0.581930 0.679507 0.581689 0.679507 0.580967 0.678983 0.580967 0.678809 0.580727 0.678809 0.578080 0.678983 0.577839 0.679507 0.577839 0.679507 0.577117 0.679682 0.576877 0.680206 0.576877 0.680206 0.576155 0.680381 0.575914 0.682303 0.575914 0.682477 0.576155 0.682477 0.576877 0.683001 0.576877 0.683176 0.577117 0.683176 0.577839 0.684399 0.577839 0.684399 0.577117 0.684574 0.576877 0.685098 0.576877 0.685098 0.576155 0.685273 0.575914 0.685797 0.575914 0.685797 0.575193 0.683875 0.575193 0.683700 0.574952 0.683700 0.574230 0.681778 0.574230 0.681604 0.573989 0.681604 0.573268
0 0.537124 0.573268 0.537124 0.575914 0.537648 0.575914 0.537823 0.576155 0.537823 0.578802 0.538347 0.578802 0.538522 0.579042 0.538522 0.580727 0.539046 0.580727 0.539221 0.580967 0.539221 0.584576 0.540444 0.584576 0.540444 0.583855 0.540618 0.583614 0.541143 0.583614 0.541143 0.581930 0.540618 0.581930 0.540444 0.581689 0.540444 0.580967 0.539920 0.580967 0.539745 0.580727 0.539745 0.578080 0.539920 0.577839 0.540444 0.577839 0.540444 0.577117 0.540618 0.576877 0.541143 0.576877 0.541143 0.576155 0.541317 0.575914 0.543239 0.575914 0.543414 0.576155 0.543414 0.576877 0.543938 0.576877 0.544113 0.577117 0.544113 0.577839 0.545335 0.577839 0.545335 0.577117 0.545510 0.576877 0.546034 0.576877 0.546034 0.576155 0.546209 0.575914 0.546733 0.575914 0.546733 0.575193 0.544811 0.575193 0.544637 0.574952 0.544637 0.574230 0.542715 0.574230 0.542540 0.573989 0.542540 0.573268
0 0.398061 0.573268 0.398061 0.575914 0.398585 0.575914 0.398760 0.576155 0.398760 0.578802 0.399284 0.578802 0.399458 0.579042 0.399458 0.580727 0.399983 0.580727 0.400157 0.580967 0.400157 0.584576 0.401380 0.584576 0.401380 0.583855 0.401555 0.583614 0.402079 0.583614 0.402079 0.581930 0.401555 0.581930 0.401380 0.581689 0.401380 0.580967 0.400856 0.580967 0.400681 0.580727 0.400681 0.578080 0.400856 0.577839 0.401380 0.577839 0.401380 0.577117 0.401555 0.576877 0.402079 0.576877 0.402079 0.576155 0.402254 0.575914 0.404175 0.575914 0.404350 0.576155 0.404350 0.576877 0.404874 0.576877 0.405049 0.577117 0.405049 0.577839 0.406272 0.577839 0.406272 0.577117 0.406447 0.576877 0.406971 0.576877 0.406971 0.576155 0.407145 0.575914 0.407669 0.575914 0.407669 0.575193 0.405748 0.575193 0.405573 0.574952 0.405573 0.574230 0.403651 0.574230 0.403477 0.573989 0.403477 0.573268
0 0.258298 0.573268 0.258298 0.575914 0.258823 0.575914 0.258997 0.576155 0.258997 0.578802 0.259521 0.578802 0.259696 0.579042 0.259696 0.580727 0.260220 0.580727 0.260395 0.580967 0.260395 0.584576 0.261618 0.584576 0.261618 0.583855 0.261792 0.583614 0.262317 0.583614 0.262317 0.581930 0.261792 0.581930 0.261618 0.581689 0.261618 0.580967 0.261094 0.580967 0.260919 0.580727 0.260919 0.578080 0.261094 0.577839 0.261618 0.577839 0.261618 0.577117 0.261792 0.576877 0.262317 0.576877 0.262317 0.576155 0.262491 0.575914 0.264413 0.575914 0.264588 0.576155 0.264588 0.576877 0.265112 0.576877 0.265287 0.577117 0.265287 0.577839 0.266509 0.577839 0.266509 0.577117 0.266684 0.576877 0.267208 0.576877 0.267208 0.576155 0.267383 0.575914 0.267907 0.575914 0.267907 0.575193 0.265985 0.575193 0.265811 0.574952 0.265811 0.574230 0.263889 0.574230 0.263714 0.573989 0.263714 0.573268
0 0.119235 0.573268 0.119235 0.575914 0.119759 0.575914 0.119934 0.576155 0.119934 0.578802 0.120458 0.578802 0.120632 0.579042 0.120632 0.580727 0.121157 0.580727 0.121331 0.580967 0.121331 0.584576 0.122554 0.584576 0.122554 0.583855 0.122729 0.583614 0.123253 0.583614 0.123253 0.581930 0.122729 0.581930 0.122554 0.581689 0.122554 0.580967 0.122030 0.580967 0.121855 0.580727 0.121855 0.578080 0.122030 0.577839 0.122554 0.577839 0.122554 0.577117 0.122729 0.576877 0.123253 0.576877 0.123253 0.576155 0.123428 0.575914 0.125349 0.575914 0.125524 0.576155 0.125524 0.576877 0.126048 0.576877 0.126223 0.577117 0.126223 0.577839 0.127446 0.577839 0.127446 0.577117 0.127621 0.576877 0.128145 0.576877 0.128145 0.576155 0.128319 0.575914 0.128843 0.575914 0.128843 0.575193 0.126922 0.575193 0.126747 0.574952 0.126747 0.574230 0.124825 0.574230 0.124651 0.573989 0.124651 0.573268
0 0.968816 0.563643 0.968291 0.563643 0.968291 0.568215 0.968117 0.568455 0.967593 0.568455 0.967593 0.570140 0.968117 0.570140 0.968117 0.569418 0.968291 0.569177 0.968816 0.569177 0.968816 0.568455 0.968990 0.568215 0.969514 0.568215 0.969514 0.567493 0.969689 0.567252 0.970213 0.567252 0.970213 0.565568 0.969689 0.565568 0.969514 0.565327 0.969514 0.564605 0.968990 0.564605 0.968816 0.564365
0 0.829752 0.563643 0.829228 0.563643 0.829228 0.568215 0.829053 0.568455 0.828529 0.568455 0.828529 0.570140 0.829053 0.570140 0.829053 0.569418 0.829228 0.569177 0.829752 0.569177 0.829752 0.568455 0.829927 0.568215 0.830451 0.568215 0.830451 0.567493 0.830625 0.567252 0.831150 0.567252 0.831150 0.565568 0.830625 0.565568 0.830451 0.565327 0.830451 0.564605 0.829927 0.564605 0.829752 0.564365
0 0.690688 0.563643 0.690164 0.563643 0.690164 0.568215 0.689990 0.568455 0.689465 0.568455 0.689465 0.570140 0.689990 0.570140 0.689990 0.569418 0.690164 0.569177 0.690688 0.569177 0.690688 0.568455 0.690863 0.568215 0.691387 0.568215 0.691387 0.567493 0.691562 0.567252 0.692086 0.567252 0.692086 0.565568 0.691562 0.565568 0.691387 0.565327 0.691387 0.564605 0.690863 0.564605 0.690688 0.564365
0 0.551625 0.563643 0.551101 0.563643 0.551101 0.568215 0.550926 0.568455 0.550402 0.568455 0.550402 0.570140 0.550926 0.570140 0.550926 0.569418 0.551101 0.569177 0.551625 0.569177 0.551625 0.568455 0.551799 0.568215 0.552324 0.568215 0.552324 0.567493 0.552498 0.567252 0.553022 0.567252 0.553022 0.565568 0.552498 0.565568 0.552324 0.565327 0.552324 0.564605 0.551799 0.564605 0.551625 0.564365
0 0.412561 0.563643 0.412037 0.563643 0.412037 0.568215 0.411862 0.568455 0.411338 0.568455 0.411338 0.570140 0.411862 0.570140 0.411862 0.569418 0.412037 0.569177 0.412561 0.569177 0.412561 0.568455 0.412736 0.568215 0.413260 0.568215 0.413260 0.567493 0.413435 0.567252 0.413959 0.567252 0.413959 0.565568 0.413435 0.565568 0.413260 0.565327 0.413260 0.564605 0.412736 0.564605 0.412561 0.564365
0 0.272799 0.563643 0.272275 0.563643 0.272275 0.568215 0.272100 0.568455 0.271576 0.568455 0.271576 0.570140 0.272100 0.570140 0.272100 0.569418 0.272275 0.569177 0.272799 0.569177 0.272799 0.568455 0.272973 0.568215 0.273498 0.568215 0.273498 0.567493 0.273672 0.567252 0.274196 0.567252 0.274196 0.565568 0.273672 0.565568 0.273498 0.565327 0.273498 0.564605 0.272973 0.564605 0.272799 0.564365
0 0.133735 0.563643 0.133211 0.563643 0.133211 0.568215 0.133036 0.568455 0.132512 0.568455 0.132512 0.570140 0.133036 0.570140 0.133036 0.569418 0.133211 0.569177 0.133735 0.569177 0.133735 0.568455 0.133910 0.568215 0.134434 0.568215 0.134434 0.567493 0.134609 0.567252 0.135133 0.567252 0.135133 0.565568 0.134609 0.565568 0.134434 0.565327 0.134434 0.564605 0.133910 0.564605 0.133735 0.564365
0 0.959906 0.560756 0.959906 0.561477 0.959731 0.561718 0.959207 0.561718 0.959207 0.562440 0.959032 0.562680 0.958508 0.562680 0.958508 0.563402 0.958333 0.563643 0.957809 0.563643 0.957809 0.564365 0.959032 0.564365 0.959207 0.564605 0.959207 0.565327 0.960430 0.565327 0.960604 0.565568 0.960604 0.566290 0.961129 0.566290 0.961303 0.566530 0.961303 0.567252 0.961827 0.567252 0.962002 0.567493 0.962002 0.568215 0.962526 0.568215 0.962701 0.568455 0.962701 0.569177 0.963225 0.569177 0.963400 0.569418 0.963400 0.570140 0.964623 0.570140 0.964623 0.569418 0.964797 0.569177 0.965321 0.569177 0.965321 0.568455 0.964797 0.568455 0.964623 0.568215 0.964623 0.567493 0.963400 0.567493 0.963225 0.567252 0.963225 0.566530 0.962701 0.566530 0.962526 0.566290 0.962526 0.564605 0.962002 0.564605 0.961827 0.564365 0.961827 0.563643 0.961303 0.563643 0.961129 0.563402 0.961129 0.562680 0.960604 0.562680 0.960430 0.562440 0.960430 0.560756
0 0.820842 0.560756 0.820842 0.561477 0.820667 0.561718 0.820143 0.561718 0.820143 0.562440 0.819969 0.562680 0.819444 0.562680 0.819444 0.563402 0.819270 0.563643 0.818746 0.563643 0.818746 0.564365 0.819969 0.564365 0.820143 0.564605 0.820143 0.565327 0.821366 0.565327 0.821541 0.565568 0.821541 0.566290 0.822065 0.566290 0.822240 0.566530 0.822240 0.567252 0.822764 0.567252 0.822939 0.567493 0.822939 0.568215 0.823463 0.568215 0.823637 0.568455 0.823637 0.569177 0.824161 0.569177 0.824336 0.569418 0.824336 0.570140 0.825559 0.570140 0.825559 0.569418 0.825734 0.569177 0.826258 0.569177 0.826258 0.568455 0.825734 0.568455 0.825559 0.568215 0.825559 0.567493 0.824336 0.567493 0.824161 0.567252 0.824161 0.566530 0.823637 0.566530 0.823463 0.566290 0.823463 0.564605 0.822939 0.564605 0.822764 0.564365 0.822764 0.563643 0.822240 0.563643 0.822065 0.563402 0.822065 0.562680 0.821541 0.562680 0.821366 0.562440 0.821366 0.560756
0 0.681778 0.560756 0.681778 0.561477 0.681604 0.561718 0.681080 0.561718 0.681080 0.562440 0.680905 0.562680 0.680381 0.562680 0.680381 0.563402 0.680206 0.563643 0.679682 0.563643 0.679682 0.564365 0.680905 0.564365 0.681080 0.564605 0.681080 0.565327 0.682303 0.565327 0.682477 0.565568 0.682477 0.566290 0.683001 0.566290 0.683176 0.566530 0.683176 0.567252 0.683700 0.567252 0.683875 0.567493 0.683875 0.568215 0.684399 0.568215 0.684574 0.568455 0.684574 0.569177 0.685098 0.569177 0.685273 0.569418 0.685273 0.570140 0.686495 0.570140 0.686495 0.569418 0.686670 0.569177 0.687194 0.569177 0.687194 0.568455 0.686670 0.568455 0.686495 0.568215 0.686495 0.567493 0.685273 0.567493 0.685098 0.567252 0.685098 0.566530 0.684574 0.566530 0.684399 0.566290 0.684399 0.564605 0.683875 0.564605 0.683700 0.564365 0.683700 0.563643 0.683176 0.563643 0.683001 0.563402 0.683001 0.562680 0.682477 0.562680 0.682303 0.562440 0.682303 0.560756
0 0.542715 0.560756 0.542715 0.561477 0.542540 0.561718 0.542016 0.561718 0.542016 0.562440 0.541841 0.562680 0.541317 0.562680 0.541317 0.563402 0.541143 0.563643 0.540618 0.563643 0.540618 0.564365 0.541841 0.564365 0.542016 0.564605 0.542016 0.565327 0.543239 0.565327 0.543414 0.565568 0.543414 0.566290 0.543938 0.566290 0.544113 0.566530 0.544113 0.567252 0.544637 0.567252 0.544811 0.567493 0.544811 0.568215 0.545335 0.568215 0.545510 0.568455 0.545510 0.569177 0.546034 0.569177 0.546209 0.569418 0.546209 0.570140 0.547432 0.570140 0.547432 0.569418 0.547607 0.569177 0.548131 0.569177 0.548131 0.568455 0.547607 0.568455 0.547432 0.568215 0.547432 0.567493 0.546209 0.567493 0.546034 0.567252 0.546034 0.566530 0.545510 0.566530 0.545335 0.566290 0.545335 0.564605 0.544811 0.564605 0.544637 0.564365 0.544637 0.563643 0.544113 0.563643 0.543938 0.563402 0.543938 0.562680 0.543414 0.562680 0.543239 0.562440 0.543239 0.560756
0 0.403651 0.560756 0.403651 0.561477 0.403477 0.561718 0.402952 0.561718 0.402952 0.562440 0.402778 0.562680 0.402254 0.562680 0.402254 0.563402 0.402079 0.563643 0.401555 0.563643 0.401555 0.564365 0.402778 0.564365 0.402952 0.564605 0.402952 0.565327 0.404175 0.565327 0.404350 0.565568 0.404350 0.566290 0.404874 0.566290 0.405049 0.566530 0.405049 0.567252 0.405573 0.567252 0.405748 0.567493 0.405748 0.568215 0.406272 0.568215 0.406447 0.568455 0.406447 0.569177 0.406971 0.569177 0.407145 0.569418 0.407145 0.570140 0.408368 0.570140 0.408368 0.569418 0.408543 0.569177 0.409067 0.569177 0.409067 0.568455 0.408543 0.568455 0.408368 0.568215 0.408368 0.567493 0.407145 0.567493 0.406971 0.567252 0.406971 0.566530 0.406447 0.566530 0.406272 0.566290 0.406272 0.564605 0.405748 0.564605 0.405573 0.564365 0.405573 0.563643 0.405049 0.563643 0.404874 0.563402 0.404874 0.562680 0.404350 0.562680 0.404175 0.562440 0.404175 0.560756
0 0.263889 0.560756 0.263889 0.561477 0.263714 0.561718 0.263190 0.561718 0.263190 0.562440 0.263015 0.562680 0.262491 0.562680 0.262491 0.563402 0.262317 0.563643 0.261792 0.563643 0.261792 0.564365 0.263015 0.564365 0.263190 0.564605 0.263190 0.565327 0.264413 0.565327 0.264588 0.565568 0.264588 0.566290 0.265112 0.566290 0.265287 0.566530 0.265287 0.567252 0.265811 0.567252 0.265985 0.567493 0.265985 0.568215 0.266509 0.568215 0.266684 0.568455 0.266684 0.569177 0.267208 0.569177 0.267383 0.569418 0.267383 0.570140 0.268606 0.570140 0.268606 0.569418 0.268781 0.569177 0.269305 0.569177 0.269305 0.568455 0.268781 0.568455 0.268606 0.568215 0.268606 0.567493 0.267383 0.567493 0.267208 0.567252 0.267208 0.566530 0.266684 0.566530 0.266509 0.566290 0.266509 0.564605 0.265985 0.564605 0.265811 0.564365 0.265811 0.563643 0.265287 0.563643 0.265112 0.563402 0.265112 0.562680 0.264588 0.562680 0.264413 0.562440 0.264413 0.560756
0 0.124825 0.560756 0.124825 0.561477 0.124651 0.561718 0.124126 0.561718 0.124126 0.562440 0.123952 0.562680 0.123428 0.562680 0.123428 0.563402 0.123253 0.563643 0.122729 0.563643 0.122729 0.564365 0.123952 0.564365 0.124126 0.564605 0.124126 0.565327 0.125349 0.565327 0.125524 0.565568 0.125524 0.566290 0.126048 0.566290 0.126223 0.566530 0.126223 0.567252 0.126747 0.567252 0.126922 0.567493 0.126922 0.568215 0.127446 0.568215 0.127621 0.568455 0.127621 0.569177 0.128145 0.569177 0.128319 0.569418 0.128319 0.570140 0.129542 0.570140 0.129542 0.569418 0.129717 0.569177 0.130241 0.569177 0.130241 0.568455 0.129717 0.568455 0.129542 0.568215 0.129542 0.567493 0.128319 0.567493 0.128145 0.567252 0.128145 0.566530 0.127621 0.566530 0.127446 0.566290 0.127446 0.564605 0.126922 0.564605 0.126747 0.564365 0.126747 0.563643 0.126223 0.563643 0.126048 0.563402 0.126048 0.562680 0.125524 0.562680 0.125349 0.562440 0.125349 0.560756
0 0.903127 0.377887 0.901904 0.377887 0.901730 0.377647 0.901730 0.376925 0.900507 0.376925 0.900332 0.376684 0.900332 0.375962 0.897711 0.375962 0.897711 0.376684 0.897537 0.376925 0.896314 0.376925 0.896314 0.377647 0.896139 0.377887 0.895615 0.377887 0.895615 0.378609 0.895440 0.378850 0.894916 0.378850 0.894916 0.380534 0.894741 0.380775 0.894217 0.380775 0.894217 0.385346 0.894043 0.385587 0.892121 0.385587 0.891946 0.385346 0.891946 0.384625 0.890723 0.384625 0.890723 0.385346 0.890549 0.385587 0.890024 0.385587 0.890024 0.386309 0.889850 0.386550 0.889326 0.386550 0.889326 0.387271 0.889151 0.387512 0.888627 0.387512 0.888627 0.388234 0.888452 0.388474 0.887928 0.388474 0.887928 0.389196 0.887753 0.389437 0.887229 0.389437 0.887229 0.394971 0.887753 0.394971 0.887928 0.395212 0.887928 0.395934 0.889850 0.395934 0.889850 0.395212 0.889326 0.395212 0.889151 0.394971 0.889151 0.393287 0.888627 0.393287 0.888452 0.393046 0.888452 0.389437 0.888627 0.389196 0.889151 0.389196 0.889151 0.388474 0.889326 0.388234 0.889850 0.388234 0.889850 0.387512 0.890024 0.387271 0.895440 0.387271 0.895615 0.387512 0.895615 0.388234 0.896139 0.388234 0.896314 0.388474 0.896314 0.389196 0.897537 0.389196 0.897711 0.389437 0.897711 0.390159 0.901730 0.390159 0.901730 0.389437 0.901904 0.389196 0.903127 0.389196 0.903127 0.388474 0.903302 0.388234 0.903826 0.388234 0.903826 0.386550 0.904001 0.386309 0.904525 0.386309 0.904525 0.381737 0.904001 0.381737 0.903826 0.381497 0.903826 0.379812 0.903302 0.379812 0.903127 0.379572
0 0.764064 0.377887 0.762841 0.377887 0.762666 0.377647 0.762666 0.376925 0.761443 0.376925 0.761268 0.376684 0.761268 0.375962 0.758648 0.375962 0.758648 0.376684 0.758473 0.376925 0.757250 0.376925 0.757250 0.377647 0.757075 0.377887 0.756551 0.377887 0.756551 0.378609 0.756377 0.378850 0.755853 0.378850 0.755853 0.380534 0.755678 0.380775 0.755154 0.380775 0.755154 0.385346 0.754979 0.385587 0.753057 0.385587 0.752883 0.385346 0.752883 0.384625 0.751660 0.384625 0.751660 0.385346 0.751485 0.385587 0.750961 0.385587 0.750961 0.386309 0.750786 0.386550 0.750262 0.386550 0.750262 0.387271 0.750087 0.387512 0.749563 0.387512 0.749563 0.388234 0.749389 0.388474 0.748864 0.388474 0.748864 0.389196 0.748690 0.389437 0.748166 0.389437 0.748166 0.394971 0.748690 0.394971 0.748864 0.395212 0.748864 0.395934 0.750786 0.395934 0.750786 0.395212 0.750262 0.395212 0.750087 0.394971 0.750087 0.393287 0.749563 0.393287 0.749389 0.393046 0.749389 0.389437 0.749563 0.389196 0.750087 0.389196 0.750087 0.388474 0.750262 0.388234 0.750786 0.388234 0.750786 0.387512 0.750961 0.387271 0.756377 0.387271 0.756551 0.387512 0.756551 0.388234 0.757075 0.388234 0.757250 0.388474 0.757250 0.389196 0.758473 0.389196 0.758648 0.389437 0.758648 0.390159 0.762666 0.390159 0.762666 0.389437 0.762841 0.389196 0.764064 0.389196 0.764064 0.388474 0.764238 0.388234 0.764762 0.388234 0.764762 0.386550 0.764937 0.386309 0.765461 0.386309 0.765461 0.381737 0.764937 0.381737 0.764762 0.381497 0.764762 0.379812 0.764238 0.379812 0.764064 0.379572
0 0.625000 0.377887 0.623777 0.377887 0.623602 0.377647 0.623602 0.376925 0.622379 0.376925 0.622205 0.376684 0.622205 0.375962 0.619584 0.375962 0.619584 0.376684 0.619410 0.376925 0.618187 0.376925 0.618187 0.377647 0.618012 0.377887 0.617488 0.377887 0.617488 0.378609 0.617313 0.378850 0.616789 0.378850 0.616789 0.380534 0.616614 0.380775 0.616090 0.380775 0.616090 0.385346 0.615915 0.385587 0.613994 0.385587 0.613819 0.385346 0.613819 0.384625 0.612596 0.384625 0.612596 0.385346 0.612421 0.385587 0.611897 0.385587 0.611897 0.386309 0.611723 0.386550 0.611198 0.386550 0.611198 0.387271 0.611024 0.387512 0.610500 0.387512 0.610500 0.388234 0.610325 0.388474 0.609801 0.388474 0.609801 0.389196 0.609626 0.389437 0.609102 0.389437 0.609102 0.394971 0.609626 0.394971 0.609801 0.395212 0.609801 0.395934 0.611723 0.395934 0.611723 0.395212 0.611198 0.395212 0.611024 0.394971 0.611024 0.393287 0.610500 0.393287 0.610325 0.393046 0.610325 0.389437 0.610500 0.389196 0.611024 0.389196 0.611024 0.388474 0.611198 0.388234 0.611723 0.388234 0.611723 0.387512 0.611897 0.387271 0.617313 0.387271 0.617488 0.387512 0.617488 0.388234 0.618012 0.388234 0.618187 0.388474 0.618187 0.389196 0.619410 0.389196 0.619584 0.389437 0.619584 0.390159 0.623602 0.390159 0.623602 0.389437 0.623777 0.389196 0.625000 0.389196 0.625000 0.388474 0.625175 0.388234 0.625699 0.388234 0.625699 0.386550 0.625874 0.386309 0.626398 0.386309 0.626398 0.381737 0.625874 0.381737 0.625699 0.381497 0.625699 0.379812 0.625175 0.379812 0.625000 0.379572
0 0.485936 0.377887 0.484713 0.377887 0.484539 0.377647 0.484539 0.376925 0.483316 0.376925 0.483141 0.376684 0.483141 0.375962 0.480521 0.375962 0.480521 0.376684 0.480346 0.376925 0.479123 0.376925 0.479123 0.377647 0.478948 0.377887 0.478424 0.377887 0.478424 0.378609 0.478249 0.378850 0.477725 0.378850 0.477725 0.380534 0.477551 0.380775 0.477027 0.380775 0.477027 0.385346 0.476852 0.385587 0.474930 0.385587 0.474755 0.385346 0.474755 0.384625 0.473532 0.384625 0.473532 0.385346 0.473358 0.385587 0.472834 0.385587 0.472834 0.386309 0.472659 0.386550 0.472135 0.386550 0.472135 0.387271 0.471960 0.387512 0.471436 0.387512 0.471436 0.388234 0.471261 0.388474 0.470737 0.388474 0.470737 0.389196 0.470563 0.389437 0.470038 0.389437 0.470038 0.394971 0.470563 0.394971 0.470737 0.395212 0.470737 0.395934 0.472659 0.395934 0.472659 0.395212 0.472135 0.395212 0.471960 0.394971 0.471960 0.393287 0.471436 0.393287 0.471261 0.393046 0.471261 0.389437 0.471436 0.389196 0.471960 0.389196 0.471960 0.388474 0.472135 0.388234 0.472659 0.388234 0.472659 0.387512 0.472834 0.387271 0.478249 0.387271 0.478424 0.387512 0.478424 0.388234 0.478948 0.388234 0.479123 0.388474 0.479123 0.389196 0.480346 0.389196 0.480521 0.389437 0.480521 0.390159 0.484539 0.390159 0.484539 0.389437 0.484713 0.389196 0.485936 0.389196 0.485936 0.388474 0.486111 0.388234 0.486635 0.388234 0.486635 0.386550 0.486810 0.386309 0.487334 0.386309 0.487334 0.381737 0.486810 0.381737 0.486635 0.381497 0.486635 0.379812 0.486111 0.379812 0.485936 0.379572
0 0.346873 0.377887 0.345650 0.377887 0.345475 0.377647 0.345475 0.376925 0.344252 0.376925 0.344078 0.376684 0.344078 0.375962 0.341457 0.375962 0.341457 0.376684 0.341282 0.376925 0.340059 0.376925 0.340059 0.377647 0.339885 0.377887 0.339361 0.377887 0.339361 0.378609 0.339186 0.378850 0.338662 0.378850 0.338662 0.380534 0.338487 0.380775 0.337963 0.380775 0.337963 0.385346 0.337788 0.385587 0.335867 0.385587 0.335692 0.385346 0.335692 0.384625 0.334469 0.384625 0.334469 0.385346 0.334294 0.385587 0.333770 0.385587 0.333770 0.386309 0.333595 0.386550 0.333071 0.386550 0.333071 0.387271 0.332897 0.387512 0.332372 0.387512 0.332372 0.388234 0.332198 0.388474 0.331674 0.388474 0.331674 0.389196 0.331499 0.389437 0.330975 0.389437 0.330975 0.394971 0.331499 0.394971 0.331674 0.395212 0.331674 0.395934 0.333595 0.395934 0.333595 0.395212 0.333071 0.395212 0.332897 0.394971 0.332897 0.393287 0.332372 0.393287 0.332198 0.393046 0.332198 0.389437 0.332372 0.389196 0.332897 0.389196 0.332897 0.388474 0.333071 0.388234 0.333595 0.388234 0.333595 0.387512 0.333770 0.387271 0.339186 0.387271 0.339361 0.387512 0.339361 0.388234 0.339885 0.388234 0.340059 0.388474 0.340059 0.389196 0.341282 0.389196 0.341457 0.389437 0.341457 0.390159 0.345475 0.390159 0.345475 0.389437 0.345650 0.389196 0.346873 0.389196 0.346873 0.388474 0.347048 0.388234 0.347572 0.388234 0.347572 0.386550 0.347746 0.386309 0.348270 0.386309 0.348270 0.381737 0.347746 0.381737 0.347572 0.381497 0.347572 0.379812 0.347048 0.379812 0.346873 0.379572
0 0.207110 0.377887 0.205887 0.377887 0.205713 0.377647 0.205713 0.376925 0.204490 0.376925 0.204315 0.376684 0.204315 0.375962 0.201695 0.375962 0.201695 0.376684 0.201520 0.376925 0.200297 0.376925 0.200297 0.377647 0.200122 0.377887 0.199598 0.377887 0.199598 0.378609 0.199423 0.378850 0.198899 0.378850 0.198899 0.380534 0.198725 0.380775 0.198201 0.380775 0.198201 0.385346 0.198026 0.385587 0.196104 0.385587 0.195929 0.385346 0.195929 0.384625 0.194706 0.384625 0.194706 0.385346 0.194532 0.385587 0.194008 0.385587 0.194008 0.386309 0.193833 0.386550 0.193309 0.386550 0.193309 0.387271 0.193134 0.387512 0.192610 0.387512 0.192610 0.388234 0.192435 0.388474 0.191911 0.388474 0.191911 0.389196 0.191737 0.389437 0.191212 0.389437 0.191212 0.394971 0.191737 0.394971 0.191911 0.395212 0.191911 0.395934 0.193833 0.395934 0.193833 0.395212 0.193309 0.395212 0.193134 0.394971 0.193134 0.393287 0.192610 0.393287 0.192435 0.393046 0.192435 0.389437 0.192610 0.389196 0.193134 0.389196 0.193134 0.388474 0.193309 0.388234 0.193833 0.388234 0.193833 0.387512 0.194008 0.387271 0.199423 0.387271 0.199598 0.387512 0.199598 0.388234 0.200122 0.388234 0.200297 0.388474 0.200297 0.389196 0.201520 0.389196 0.201695 0.389437 0.201695 0.390159 0.205713 0.390159 0.205713 0.389437 0.205887 0.389196 0.207110 0.389196 0.207110 0.388474 0.207285 0.388234 0.207809 0.388234 0.207809 0.386550 0.207984 0.386309 0.208508 0.386309 0.208508 0.381737 0.207984 0.381737 0.207809 0.381497 0.207809 0.379812 0.207285 0.379812 0.207110 0.379572
0 0.068047 0.377887 0.066824 0.377887 0.066649 0.377647 0.066649 0.376925 0.065426 0.376925 0.065252 0.376684 0.065252 0.375962 0.062631 0.375962 0.062631 0.376684 0.062456 0.376925 0.061233 0.376925 0.061233 0.377647 0.061059 0.377887 0.060535 0.377887 0.060535 0.378609 0.060360 0.378850 0.059836 0.378850 0.059836 0.380534 0.059661 0.380775 0.059137 0.380775 0.059137 0.385346 0.058962 0.385587 0.057041 0.385587 0.056866 0.385346 0.056866 0.384625 0.055643 0.384625 0.055643 0.385346 0.055468 0.385587 0.054944 0.385587 0.054944 0.386309 0.054769 0.386550 0.054245 0.386550 0.054245 0.387271 0.054071 0.387512 0.053546 0.387512 0.053546 0.388234 0.053372 0.388474 0.052848 0.388474 0.052848 0.389196 0.052673 0.389437 0.052149 0.389437 0.052149 0.394971 0.052673 0.394971 0.052848 0.395212 0.052848 0.395934 0.054769 0.395934 0.054769 0.395212 0.054245 0.395212 0.054071 0.394971 0.054071 0.393287 0.053546 0.393287 0.053372 0.393046 0.053372 0.389437 0.053546 0.389196 0.054071 0.389196 0.054071 0.388474 0.054245 0.388234 0.054769 0.388234 0.054769 0.387512 0.054944 0.387271 0.060360 0.387271 0.060535 0.387512 0.060535 0.388234 0.061059 0.388234 0.061233 0.388474 0.061233 0.389196 0.062456 0.389196 0.062631 0.389437 0.062631 0.390159 0.066649 0.390159 0.066649 0.389437 0.066824 0.389196 0.068047 0.389196 0.068047 0.388474 0.068222 0.388234 0.068746 0.388234 0.068746 0.386550 0.068920 0.386309 0.069444 0.386309 0.069444 0.381737 0.068920 0.381737 0.068746 0.381497 0.068746 0.379812 0.068222 0.379812 0.068047 0.379572
0 0.901205 0.370188 0.901205 0.373797 0.901031 0.374038 0.900507 0.374038 0.900507 0.374759 0.903826 0.374759 0.904001 0.375000 0.904001 0.376684 0.905224 0.376684 0.905398 0.376925 0.905398 0.377647 0.905922 0.377647 0.906097 0.377887 0.906097 0.378609 0.906621 0.378609 0.906796 0.378850 0.906796 0.379572 0.907320 0.379572 0.907495 0.379812 0.907495 0.380534 0.908019 0.380534 0.908019 0.379812 0.908194 0.379572 0.908718 0.379572 0.908718 0.378850 0.907495 0.378850 0.907320 0.378609 0.907320 0.377887 0.906796 0.377887 0.906621 0.377647 0.906621 0.376925 0.906097 0.376925 0.905922 0.376684 0.905922 0.375962 0.905398 0.375962 0.905224 0.375722 0.905224 0.373075 0.905398 0.372834 0.905922 0.372834 0.905922 0.372113 0.906097 0.371872 0.907320 0.371872 0.907320 0.371150 0.906097 0.371150 0.905922 0.370910 0.905922 0.370188
0 0.762142 0.370188 0.762142 0.373797 0.761967 0.374038 0.761443 0.374038 0.761443 0.374759 0.764762 0.374759 0.764937 0.375000 0.764937 0.376684 0.766160 0.376684 0.766335 0.376925 0.766335 0.377647 0.766859 0.377647 0.767034 0.377887 0.767034 0.378609 0.767558 0.378609 0.767732 0.378850 0.767732 0.379572 0.768256 0.379572 0.768431 0.379812 0.768431 0.380534 0.768955 0.380534 0.768955 0.379812 0.769130 0.379572 0.769654 0.379572 0.769654 0.378850 0.768431 0.378850 0.768256 0.378609 0.768256 0.377887 0.767732 0.377887 0.767558 0.377647 0.767558 0.376925 0.767034 0.376925 0.766859 0.376684 0.766859 0.375962 0.766335 0.375962 0.766160 0.375722 0.766160 0.373075 0.766335 0.372834 0.766859 0.372834 0.766859 0.372113 0.767034 0.371872 0.768256 0.371872 0.768256 0.371150 0.767034 0.371150 0.766859 0.370910 0.766859 0.370188
0 0.623078 0.370188 0.623078 0.373797 0.622904 0.374038 0.622379 0.374038 0.622379 0.374759 0.625699 0.374759 0.625874 0.375000 0.625874 0.376684 0.627096 0.376684 0.627271 0.376925 0.627271 0.377647 0.627795 0.377647 0.627970 0.377887 0.627970 0.378609 0.628494 0.378609 0.628669 0.378850 0.628669 0.379572 0.629193 0.379572 0.629368 0.379812 0.629368 0.380534 0.629892 0.380534 0.629892 0.379812 0.630066 0.379572 0.630590 0.379572 0.630590 0.378850 0.629368 0.378850 0.629193 0.378609 0.629193 0.377887 0.628669 0.377887 0.628494 0.377647 0.628494 0.376925 0.627970 0.376925 0.627795 0.376684 0.627795 0.375962 0.627271 0.375962 0.627096 0.375722 0.627096 0.373075 0.627271 0.372834 0.627795 0.372834 0.627795 0.372113 0.627970 0.371872 0.629193 0.371872 0.629193 0.371150 0.627970 0.371150 0.627795 0.370910 0.627795 0.370188
0 0.484015 0.370188 0.484015 0.373797 0.483840 0.374038 0.483316 0.374038 0.483316 0.374759 0.486635 0.374759 0.486810 0.375000 0.486810 0.376684 0.488033 0.376684 0.488208 0.376925 0.488208 0.377647 0.488732 0.377647 0.488906 0.377887 0.488906 0.378609 0.489430 0.378609 0.489605 0.378850 0.489605 0.379572 0.490129 0.379572 0.490304 0.379812 0.490304 0.380534 0.490828 0.380534 0.490828 0.379812 0.491003 0.379572 0.491527 0.379572 0.491527 0.378850 0.490304 0.378850 0.490129 0.378609 0.490129 0.377887 0.489605 0.377887 0.489430 0.377647 0.489430 0.376925 0.488906 0.376925 0.488732 0.376684 0.488732 0.375962 0.488208 0.375962 0.488033 0.375722 0.488033 0.373075 0.488208 0.372834 0.488732 0.372834 0.488732 0.372113 0.488906 0.371872 0.490129 0.371872 0.490129 0.371150 0.488906 0.371150 0.488732 0.370910 0.488732 0.370188
0 0.344951 0.370188 0.344951 0.373797 0.344776 0.374038 0.344252 0.374038 0.344252 0.374759 0.347572 0.374759 0.347746 0.375000 0.347746 0.376684 0.348969 0.376684 0.349144 0.376925 0.349144 0.377647 0.349668 0.377647 0.349843 0.377887 0.349843 0.378609 0.350367 0.378609 0.350542 0.378850 0.350542 0.379572 0.351066 0.379572 0.351240 0.379812 0.351240 0.380534 0.351765 0.380534 0.351765 0.379812 0.351939 0.379572 0.352463 0.379572 0.352463 0.378850 0.351240 0.378850 0.351066 0.378609 0.351066 0.377887 0.350542 0.377887 0.350367 0.377647 0.350367 0.376925 0.349843 0.376925 0.349668 0.376684 0.349668 0.375962 0.349144 0.375962 0.348969 0.375722 0.348969 0.373075 0.349144 0.372834 0.349668 0.372834 0.349668 0.372113 0.349843 0.371872 0.351066 0.371872 0.351066 0.371150 0.349843 0.371150 0.349668 0.370910 0.349668 0.370188
0 0.205189 0.370188 0.205189 0.373797 0.205014 0.374038 0.204490 0.374038 0.204490 0.374759 0.207809 0.374759 0.207984 0.375000 0.207984 0.376684 0.209207 0.376684 0.209382 0.376925 0.209382 0.377647 0.209906 0.377647 0.210080 0.377887 0.210080 0.378609 0.210604 0.378609 0.210779 0.378850 0.210779 0.379572 0.211303 0.379572 0.211478 0.379812 0.211478 0.380534 0.212002 0.380534 0.212002 0.379812 0.212177 0.379572 0.212701 0.379572 0.212701 0.378850 0.211478 0.378850 0.211303 0.378609 0.211303 0.377887 0.210779 0.377887 0.210604 0.377647 0.210604 0.376925 0.210080 0.376925 0.209906 0.376684 0.209906 0.375962 0.209382 0.375962 0.209207 0.375722 0.209207 0.373075 0.209382 0.372834 0.209906 0.372834 0.209906 0.372113 0.210080 0.371872 0.211303 0.371872 0.211303 0.371150 0.210080 0.371150 0.209906 0.370910 0.209906 0.370188
0 0.066125 0.370188 0.066125 0.373797 0.065950 0.374038 0.065426 0.374038 0.065426 0.374759 0.068746 0.374759 0.068920 0.375000 0.068920 0.376684 0.070143 0.376684 0.070318 0.376925 0.070318 0.377647 0.070842 0.377647 0.071017 0.377887 0.071017 0.378609 0.071541 0.378609 0.071716 0.378850 0.071716 0.379572 0.072240 0.379572 0.072414 0.379812 0.072414 0.380534 0.072939 0.380534 0.072939 0.379812 0.073113 0.379572 0.073637 0.379572 0.073637 0.378850 0.072414 0.378850 0.072240 0.378609 0.072240 0.377887 0.071716 0.377887 0.071541 0.377647 0.071541 0.376925 0.071017 0.376925 0.070842 0.376684 0.070842 0.375962 0.070318 0.375962 0.070143 0.375722 0.070143 0.373075 0.070318 0.372834 0.070842 0.372834 0.070842 0.372113 0.071017 0.371872 0.072240 0.371872 0.072240 0.371150 0.071017 0.371150 0.070842 0.370910 0.070842 0.370188
0 0.905398 0.364413 0.905398 0.365135 0.905922 0.365135 0.906097 0.365375 0.906097 0.366097 0.907320 0.366097 0.907495 0.366338 0.907495 0.367060 0.908019 0.367060 0.908194 0.367300 0.908194 0.368022 0.908718 0.368022 0.908892 0.368263 0.908892 0.371872 0.912212 0.371872 0.912212 0.371150 0.911688 0.371150 0.911513 0.370910 0.911513 0.370188 0.910989 0.370188 0.910814 0.369947 0.910814 0.369225 0.910290 0.369225 0.910115 0.368985 0.910115 0.368263 0.909591 0.368263 0.909416 0.368022 0.909416 0.367300 0.908892 0.367300 0.908718 0.367060 0.908718 0.366338 0.908194 0.366338 0.908019 0.366097 0.908019 0.365375 0.907495 0.365375 0.907320 0.365135 0.907320 0.363450 0.906097 0.363450 0.906097 0.364172 0.905922 0.364413
0 0.766335 0.364413 0.766335 0.365135 0.766859 0.365135 0.767034 0.365375 0.767034 0.366097 0.768256 0.366097 0.768431 0.366338 0.768431 0.367060 0.768955 0.367060 0.769130 0.367300 0.769130 0.368022 0.769654 0.368022 0.769829 0.368263 0.769829 0.371872 0.773148 0.371872 0.773148 0.371150 0.772624 0.371150 0.772449 0.370910 0.772449 0.370188 0.771925 0.370188 0.771751 0.369947 0.771751 0.369225 0.771226 0.369225 0.771052 0.368985 0.771052 0.368263 0.770528 0.368263 0.770353 0.368022 0.770353 0.367300 0.769829 0.367300 0.769654 0.367060 0.769654 0.366338 0.769130 0.366338 0.768955 0.366097 0.768955 0.365375 0.768431 0.365375 0.768256 0.365135 0.768256 0.363450 0.767034 0.363450 0.767034 0.364172 0.766859 0.364413
0 0.627271 0.364413 0.627271 0.365135 0.627795 0.365135 0.627970 0.365375 0.627970 0.366097 0.629193 0.366097 0.629368 0.366338 0.629368 0.367060 0.629892 0.367060 0.630066 0.367300 0.630066 0.368022 0.630590 0.368022 0.630765 0.368263 0.630765 0.371872 0.634085 0.371872 0.634085 0.371150 0.633560 0.371150 0.633386 0.370910 0.633386 0.370188 0.632862 0.370188 0.632687 0.369947 0.632687 0.369225 0.632163 0.369225 0.631988 0.368985 0.631988 0.368263 0.631464 0.368263 0.631289 0.368022 0.631289 0.367300 0.630765 0.367300 0.630590 0.367060 0.630590 0.366338 0.630066 0.366338 0.629892 0.366097 0.629892 0.365375 0.629368 0.365375 0.629193 0.365135 0.629193 0.363450 0.627970 0.363450 0.627970 0.364172 0.627795 0.364413
0 0.488208 0.364413 0.488208 0.365135 0.488732 0.365135 0.488906 0.365375 0.488906 0.366097 0.490129 0.366097 0.490304 0.366338 0.490304 0.367060 0.490828 0.367060 0.491003 0.367300 0.491003 0.368022 0.491527 0.368022 0.491702 0.368263 0.491702 0.371872 0.495021 0.371872 0.495021 0.371150 0.494497 0.371150 0.494322 0.370910 0.494322 0.370188 0.493798 0.370188 0.493623 0.369947 0.493623 0.369225 0.493099 0.369225 0.492925 0.368985 0.492925 0.368263 0.492400 0.368263 0.492226 0.368022 0.492226 0.367300 0.491702 0.367300 0.491527 0.367060 0.491527 0.366338 0.491003 0.366338 0.490828 0.366097 0.490828 0.365375 0.490304 0.365375 0.490129 0.365135 0.490129 0.363450 0.488906 0.363450 0.488906 0.364172 0.488732 0.364413
0 0.349144 0.364413 0.349144 0.365135 0.349668 0.365135 0.349843 0.365375 0.349843 0.366097 0.351066 0.366097 0.351240 0.366338 0.351240 0.367060 0.351765 0.367060 0.351939 0.367300 0.351939 0.368022 0.352463 0.368022 0.352638 0.368263 0.352638 0.371872 0.355957 0.371872 0.355957 0.371150 0.355433 0.371150 0.355259 0.370910 0.355259 0.370188 0.354734 0.370188 0.354560 0.369947 0.354560 0.369225 0.354036 0.369225 0.353861 0.368985 0.353861 0.368263 0.353337 0.368263 0.353162 0.368022 0.353162 0.367300 0.352638 0.367300 0.352463 0.367060 0.352463 0.366338 0.351939 0.366338 0.351765 0.366097 0.351765 0.365375 0.351240 0.365375 0.351066 0.365135 0.351066 0.363450 0.349843 0.363450 0.349843 0.364172 0.349668 0.364413
0 0.209382 0.364413 0.209382 0.365135 0.209906 0.365135 0.210080 0.365375 0.210080 0.366097 0.211303 0.366097 0.211478 0.366338 0.211478 0.367060 0.212002 0.367060 0.212177 0.367300 0.212177 0.368022 0.212701 0.368022 0.212876 0.368263 0.212876 0.371872 0.216195 0.371872 0.216195 0.371150 0.215671 0.371150 0.215496 0.370910 0.215496 0.370188 0.214972 0.370188 0.214797 0.369947 0.214797 0.369225 0.214273 0.369225 0.214099 0.368985 0.214099 0.368263 0.213574 0.368263 0.213400 0.368022 0.213400 0.367300 0.212876 0.367300 0.212701 0.367060 0.212701 0.366338 0.212177 0.366338 0.212002 0.366097 0.212002 0.365375 0.211478 0.365375 0.211303 0.365135 0.211303 0.363450 0.210080 0.363450 0.210080 0.364172 0.209906 0.364413
0 0.070318 0.364413 0.070318 0.365135 0.070842 0.365135 0.071017 0.365375 0.071017 0.366097 0.072240 0.366097 0.072414 0.366338 0.072414 0.367060 0.072939 0.367060 0.073113 0.367300 0.073113 0.368022 0.073637 0.368022 0.073812 0.368263 0.073812 0.371872 0.077131 0.371872 0.077131 0.371150 0.076607 0.371150 0.076433 0.370910 0.076433 0.370188 0.075908 0.370188 0.075734 0.369947 0.075734 0.369225 0.075210 0.369225 0.075035 0.368985 0.075035 0.368263 0.074511 0.368263 0.074336 0.368022 0.074336 0.367300 0.073812 0.367300 0.073637 0.367060 0.073637 0.366338 0.073113 0.366338 0.072939 0.366097 0.072939 0.365375 0.072414 0.365375 0.072240 0.365135 0.072240 0.363450 0.071017 0.363450 0.071017 0.364172 0.070842 0.364413
0 0.912386 0.354788 0.912386 0.355510 0.912212 0.355751 0.911688 0.355751 0.911688 0.356473 0.911513 0.356713 0.910989 0.356713 0.910989 0.357435 0.910814 0.357676 0.910290 0.357676 0.910290 0.358397 0.910115 0.358638 0.909591 0.358638 0.909591 0.359360 0.909416 0.359601 0.908892 0.359601 0.908892 0.361285 0.909416 0.361285 0.909591 0.361526 0.909591 0.362247 0.910115 0.362247 0.910290 0.362488 0.910290 0.363210 0.910814 0.363210 0.910989 0.363450 0.910989 0.364172 0.911513 0.364172 0.911688 0.364413 0.911688 0.365135 0.912212 0.365135 0.912386 0.365375 0.912386 0.366097 0.912911 0.366097 0.913085 0.366338 0.913085 0.367060 0.913609 0.367060 0.913784 0.367300 0.913784 0.368022 0.914308 0.368022 0.914483 0.368263 0.914483 0.368985 0.915007 0.368985 0.915182 0.369225 0.915182 0.370910 0.915706 0.370910 0.915706 0.370188 0.915881 0.369947 0.916405 0.369947 0.916405 0.369225 0.916579 0.368985 0.917103 0.368985 0.917103 0.367300 0.915881 0.367300 0.915706 0.367060 0.915706 0.366338 0.915182 0.366338 0.915007 0.366097 0.915007 0.365375 0.914483 0.365375 0.914308 0.365135 0.914308 0.362488 0.914483 0.362247 0.916405 0.362247 0.916405 0.360563 0.915881 0.360563 0.915706 0.360322 0.915706 0.359601 0.915182 0.359601 0.915007 0.359360 0.915007 0.358638 0.914483 0.358638 0.914483 0.361285 0.914308 0.361526 0.911688 0.361526 0.911513 0.361285 0.911513 0.357676 0.911688 0.357435 0.912212 0.357435 0.912212 0.356713 0.912386 0.356473 0.914308 0.356473 0.914308 0.354788
0 0.773323 0.354788 0.773323 0.355510 0.773148 0.355751 0.772624 0.355751 0.772624 0.356473 0.772449 0.356713 0.771925 0.356713 0.771925 0.357435 0.771751 0.357676 0.771226 0.357676 0.771226 0.358397 0.771052 0.358638 0.770528 0.358638 0.770528 0.359360 0.770353 0.359601 0.769829 0.359601 0.769829 0.361285 0.770353 0.361285 0.770528 0.361526 0.770528 0.362247 0.771052 0.362247 0.771226 0.362488 0.771226 0.363210 0.771751 0.363210 0.771925 0.363450 0.771925 0.364172 0.772449 0.364172 0.772624 0.364413 0.772624 0.365135 0.773148 0.365135 0.773323 0.365375 0.773323 0.366097 0.773847 0.366097 0.774022 0.366338 0.774022 0.367060 0.774546 0.367060 0.774720 0.367300 0.774720 0.368022 0.775245 0.368022 0.775419 0.368263 0.775419 0.368985 0.775943 0.368985 0.776118 0.369225 0.776118 0.370910 0.776642 0.370910 0.776642 0.370188 0.776817 0.369947 0.777341 0.369947 0.777341 0.369225 0.777516 0.368985 0.778040 0.368985 0.778040 0.367300 0.776817 0.367300 0.776642 0.367060 0.776642 0.366338 0.776118 0.366338 0.775943 0.366097 0.775943 0.365375 0.775419 0.365375 0.775245 0.365135 0.775245 0.362488 0.775419 0.362247 0.777341 0.362247 0.777341 0.360563 0.776817 0.360563 0.776642 0.360322 0.776642 0.359601 0.776118 0.359601 0.775943 0.359360 0.775943 0.358638 0.775419 0.358638 0.775419 0.361285 0.775245 0.361526 0.772624 0.361526 0.772449 0.361285 0.772449 0.357676 0.772624 0.357435 0.773148 0.357435 0.773148 0.356713 0.773323 0.356473 0.775245 0.356473 0.775245 0.354788
0 0.634259 0.354788 0.634259 0.355510 0.634085 0.355751 0.633560 0.355751 0.633560 0.356473 0.633386 0.356713 0.632862 0.356713 0.632862 0.357435 0.632687 0.357676 0.632163 0.357676 0.632163 0.358397 0.631988 0.358638 0.631464 0.358638 0.631464 0.359360 0.631289 0.359601 0.630765 0.359601 0.630765 0.361285 0.631289 0.361285 0.631464 0.361526 0.631464 0.362247 0.631988 0.362247 0.632163 0.362488 0.632163 0.363210 0.632687 0.363210 0.632862 0.363450 0.632862 0.364172 0.633386 0.364172 0.633560 0.364413 0.633560 0.365135 0.634085 0.365135 0.634259 0.365375 0.634259 0.366097 0.634783 0.366097 0.634958 0.366338 0.634958 0.367060 0.635482 0.367060 0.635657 0.367300 0.635657 0.368022 0.636181 0.368022 0.636356 0.368263 0.636356 0.368985 0.636880 0.368985 0.637055 0.369225 0.637055 0.370910 0.637579 0.370910 0.637579 0.370188 0.637753 0.369947 0.638277 0.369947 0.638277 0.369225 0.638452 0.368985 0.638976 0.368985 0.638976 0.367300 0.637753 0.367300 0.637579 0.367060 0.637579 0.366338 0.637055 0.366338 0.636880 0.366097 0.636880 0.365375 0.636356 0.365375 0.636181 0.365135 0.636181 0.362488 0.636356 0.362247 0.638277 0.362247 0.638277 0.360563 0.637753 0.360563 0.637579 0.360322 0.637579 0.359601 0.637055 0.359601 0.636880 0.359360 0.636880 0.358638 0.636356 0.358638 0.636356 0.361285 0.636181 0.361526 0.633560 0.361526 0.633386 0.361285 0.633386 0.357676 0.633560 0.357435 0.634085 0.357435 0.634085 0.356713 0.634259 0.356473 0.636181 0.356473 0.636181 0.354788
0 0.495196 0.354788 0.495196 0.355510 0.495021 0.355751 0.494497 0.355751 0.494497 0.356473 0.494322 0.356713 0.493798 0.356713 0.493798 0.357435 0.493623 0.357676 0.493099 0.357676 0.493099 0.358397 0.492925 0.358638 0.492400 0.358638 0.492400 0.359360 0.492226 0.359601 0.491702 0.359601 0.491702 0.361285 0.492226 0.361285 0.492400 0.361526 0.492400 0.362247 0.492925 0.362247 0.493099 0.362488 0.493099 0.363210 0.493623 0.363210 0.493798 0.363450 0.493798 0.364172 0.494322 0.364172 0.494497 0.364413 0.494497 0.365135 0.495021 0.365135 0.495196 0.365375 0.495196 0.366097 0.495720 0.366097 0.495894 0.366338 0.495894 0.367060 0.496419 0.367060 0.496593 0.367300 0.496593 0.368022 0.497117 0.368022 0.497292 0.368263 0.497292 0.368985 0.497816 0.368985 0.497991 0.369225 0.497991 0.370910 0.498515 0.370910 0.498515 0.370188 0.498690 0.369947 0.499214 0.369947 0.499214 0.369225 0.499389 0.368985 0.499913 0.368985 0.499913 0.367300 0.498690 0.367300 0.498515 0.367060 0.498515 0.366338 0.497991 0.366338 0.497816 0.366097 0.497816 0.365375 0.497292 0.365375 0.497117 0.365135 0.497117 0.362488 0.497292 0.362247 0.499214 0.362247 0.499214 0.360563 0.498690 0.360563 0.498515 0.360322 0.498515 0.359601 0.497991 0.359601 0.497816 0.359360 0.497816 0.358638 0.497292 0.358638 0.497292 0.361285 0.497117 0.361526 0.494497 0.361526 0.494322 0.361285 0.494322 0.357676 0.494497 0.357435 0.495021 0.357435 0.495021 0.356713 0.495196 0.356473 0.497117 0.356473 0.497117 0.354788
0 0.356132 0.354788 0.356132 0.355510 0.355957 0.355751 0.355433 0.355751 0.355433 0.356473 0.355259 0.356713 0.354734 0.356713 0.354734 0.357435 0.354560 0.357676 0.354036 0.357676 0.354036 0.358397 0.353861 0.358638 0.353337 0.358638 0.353337 0.359360 0.353162 0.359601 0.352638 0.359601 0.352638 0.361285 0.353162 0.361285 0.353337 0.361526 0.353337 0.362247 0.353861 0.362247 0.354036 0.362488 0.354036 0.363210 0.354560 0.363210 0.354734 0.363450 0.354734 0.364172 0.355259 0.364172 0.355433 0.364413 0.355433 0.365135 0.355957 0.365135 0.356132 0.365375 0.356132 0.366097 0.356656 0.366097 0.356831 0.366338 0.356831 0.367060 0.357355 0.367060 0.357530 0.367300 0.357530 0.368022 0.358054 0.368022 0.358229 0.368263 0.358229 0.368985 0.358753 0.368985 0.358927 0.369225 0.358927 0.370910 0.359451 0.370910 0.359451 0.370188 0.359626 0.369947 0.360150 0.369947 0.360150 0.369225 0.360325 0.368985 0.360849 0.368985 0.360849 0.367300 0.359626 0.367300 0.359451 0.367060 0.359451 0.366338 0.358927 0.366338 0.358753 0.366097 0.358753 0.365375 0.358229 0.365375 0.358054 0.365135 0.358054 0.362488 0.358229 0.362247 0.360150 0.362247 0.360150 0.360563 0.359626 0.360563 0.359451 0.360322 0.359451 0.359601 0.358927 0.359601 0.358753 0.359360 0.358753 0.358638 0.358229 0.358638 0.358229 0.361285 0.358054 0.361526 0.355433 0.361526 0.355259 0.361285 0.355259 0.357676 0.355433 0.357435 0.355957 0.357435 0.355957 0.356713 0.356132 0.356473 0.358054 0.356473 0.358054 0.354788
0 0.216370 0.354788 0.216370 0.355510 0.216195 0.355751 0.215671 0.355751 0.215671 0.356473 0.215496 0.356713 0.214972 0.356713 0.214972 0.357435 0.214797 0.357676 0.214273 0.357676 0.214273 0.358397 0.214099 0.358638 0.213574 0.358638 0.213574 0.359360 0.213400 0.359601 0.212876 0.359601 0.212876 0.361285 0.213400 0.361285 0.213574 0.361526 0.213574 0.362247 0.214099 0.362247 0.214273 0.362488 0.214273 0.363210 0.214797 0.363210 0.214972 0.363450 0.214972 0.364172 0.215496 0.364172 0.215671 0.364413 0.215671 0.365135 0.216195 0.365135 0.216370 0.365375 0.216370 0.366097 0.216894 0.366097 0.217068 0.366338 0.217068 0.367060 0.217593 0.367060 0.217767 0.367300 0.217767 0.368022 0.218291 0.368022 0.218466 0.368263 0.218466 0.368985 0.218990 0.368985 0.219165 0.369225 0.219165 0.370910 0.219689 0.370910 0.219689 0.370188 0.219864 0.369947 0.220388 0.369947 0.220388 0.369225 0.220563 0.368985 0.221087 0.368985 0.221087 0.367300 0.219864 0.367300 0.219689 0.367060 0.219689 0.366338 0.219165 0.366338 0.218990 0.366097 0.218990 0.365375 0.218466 0.365375 0.218291 0.365135 0.218291 0.362488 0.218466 0.362247 0.220388 0.362247 0.220388 0.360563 0.219864 0.360563 0.219689 0.360322 0.219689 0.359601 0.219165 0.359601 0.218990 0.359360 0.218990 0.358638 0.218466 0.358638 0.218466 0.361285 0.218291 0.361526 0.215671 0.361526 0.215496 0.361285 0.215496 0.357676 0.215671 0.357435 0.216195 0.357435 0.216195 0.356713 0.216370 0.356473 0.218291 0.356473 0.218291 0.354788
0 0.077306 0.354788 0.077306 0.355510 0.077131 0.355751 0.076607 0.355751 0.076607 0.356473 0.076433 0.356713 0.075908 0.356713 0.075908 0.357435 0.075734 0.357676 0.075210 0.357676 0.075210 0.358397 0.075035 0.358638 0.074511 0.358638 0.074511 0.359360 0.074336 0.359601 0.073812 0.359601 0.073812 0.361285 0.074336 0.361285 0.074511 0.361526 0.074511 0.362247 0.075035 0.362247 0.075210 0.362488 0.075210 0.363210 0.075734 0.363210 0.075908 0.363450 0.075908 0.364172 0.076433 0.364172 0.076607 0.364413 0.076607 0.365135 0.077131 0.365135 0.077306 0.365375 0.077306 0.366097 0.077830 0.366097 0.078005 0.366338 0.078005 0.367060 0.078529 0.367060 0.078704 0.367300 0.078704 0.368022 0.079228 0.368022 0.079403 0.368263 0.079403 0.368985 0.079927 0.368985 0.080101 0.369225 0.080101 0.370910 0.080625 0.370910 0.080625 0.370188 0.080800 0.369947 0.081324 0.369947 0.081324 0.369225 0.081499 0.368985 0.082023 0.368985 0.082023 0.367300 0.080800 0.367300 0.080625 0.367060 0.080625 0.366338 0.080101 0.366338 0.079927 0.366097 0.079927 0.365375 0.079403 0.365375 0.079228 0.365135 0.079228 0.362488 0.079403 0.362247 0.081324 0.362247 0.081324 0.360563 0.080800 0.360563 0.080625 0.360322 0.080625 0.359601 0.080101 0.359601 0.079927 0.359360 0.079927 0.358638 0.079403 0.358638 0.079403 0.361285 0.079228 0.361526 0.076607 0.361526 0.076433 0.361285 0.076433 0.357676 0.076607 0.357435 0.077131 0.357435 0.077131 0.356713 0.077306 0.356473 0.079228 0.356473 0.079228 0.354788
0 0.915182 0.350938 0.915182 0.353585 0.916405 0.353585 0.916579 0.353826 0.916579 0.354548 0.917103 0.354548 0.917278 0.354788 0.917278 0.355510 0.917802 0.355510 0.917977 0.355751 0.917977 0.356473 0.918501 0.356473 0.918676 0.356713 0.918676 0.357435 0.919200 0.357435 0.919375 0.357676 0.919375 0.358397 0.919899 0.358397 0.920073 0.358638 0.920073 0.359360 0.920597 0.359360 0.920772 0.359601 0.920772 0.362247 0.921995 0.362247 0.921995 0.361526 0.922170 0.361285 0.922694 0.361285 0.922694 0.360563 0.922869 0.360322 0.923393 0.360322 0.923393 0.359601 0.922869 0.359601 0.922694 0.359360 0.922694 0.358638 0.921471 0.358638 0.921296 0.358397 0.921296 0.357676 0.920772 0.357676 0.920597 0.357435 0.920597 0.356713 0.920073 0.356713 0.919899 0.356473 0.919899 0.355751 0.919375 0.355751 0.919200 0.355510 0.919200 0.354788 0.918676 0.354788 0.918501 0.354548 0.918501 0.353826 0.917977 0.353826 0.917802 0.353585 0.917802 0.352863 0.917278 0.352863 0.917103 0.352623 0.917103 0.350938
0 0.776118 0.350938 0.776118 0.353585 0.777341 0.353585 0.777516 0.353826 0.777516 0.354548 0.778040 0.354548 0.778215 0.354788 0.778215 0.355510 0.778739 0.355510 0.778913 0.355751 0.778913 0.356473 0.779437 0.356473 0.779612 0.356713 0.779612 0.357435 0.780136 0.357435 0.780311 0.357676 0.780311 0.358397 0.780835 0.358397 0.781010 0.358638 0.781010 0.359360 0.781534 0.359360 0.781709 0.359601 0.781709 0.362247 0.782932 0.362247 0.782932 0.361526 0.783106 0.361285 0.783630 0.361285 0.783630 0.360563 0.783805 0.360322 0.784329 0.360322 0.784329 0.359601 0.783805 0.359601 0.783630 0.359360 0.783630 0.358638 0.782407 0.358638 0.782233 0.358397 0.782233 0.357676 0.781709 0.357676 0.781534 0.357435 0.781534 0.356713 0.781010 0.356713 0.780835 0.356473 0.780835 0.355751 0.780311 0.355751 0.780136 0.355510 0.780136 0.354788 0.779612 0.354788 0.779437 0.354548 0.779437 0.353826 0.778913 0.353826 0.778739 0.353585 0.778739 0.352863 0.778215 0.352863 0.778040 0.352623 0.778040 0.350938
0 0.637055 0.350938 0.637055 0.353585 0.638277 0.353585 0.638452 0.353826 0.638452 0.354548 0.638976 0.354548 0.639151 0.354788 0.639151 0.355510 0.639675 0.355510 0.639850 0.355751 0.639850 0.356473 0.640374 0.356473 0.640549 0.356713 0.640549 0.357435 0.641073 0.357435 0.641247 0.357676 0.641247 0.358397 0.641771 0.358397 0.641946 0.358638 0.641946 0.359360 0.642470 0.359360 0.642645 0.359601 0.642645 0.362247 0.643868 0.362247 0.643868 0.361526 0.644043 0.361285 0.644567 0.361285 0.644567 0.360563 0.644741 0.360322 0.645266 0.360322 0.645266 0.359601 0.644741 0.359601 0.644567 0.359360 0.644567 0.358638 0.643344 0.358638 0.643169 0.358397 0.643169 0.357676 0.642645 0.357676 0.642470 0.357435 0.642470 0.356713 0.641946 0.356713 0.641771 0.356473 0.641771 0.355751 0.641247 0.355751 0.641073 0.355510 0.641073 0.354788 0.640549 0.354788 0.640374 0.354548 0.640374 0.353826 0.639850 0.353826 0.639675 0.353585 0.639675 0.352863 0.639151 0.352863 0.638976 0.352623 0.638976 0.350938
0 0.497991 0.350938 0.497991 0.353585 0.499214 0.353585 0.499389 0.353826 0.499389 0.354548 0.499913 0.354548 0.500087 0.354788 0.500087 0.355510 0.500611 0.355510 0.500786 0.355751 0.500786 0.356473 0.501310 0.356473 0.501485 0.356713 0.501485 0.357435 0.502009 0.357435 0.502184 0.357676 0.502184 0.358397 0.502708 0.358397 0.502883 0.358638 0.502883 0.359360 0.503407 0.359360 0.503581 0.359601 0.503581 0.362247 0.504804 0.362247 0.504804 0.361526 0.504979 0.361285 0.505503 0.361285 0.505503 0.360563 0.505678 0.360322 0.506202 0.360322 0.506202 0.359601 0.505678 0.359601 0.505503 0.359360 0.505503 0.358638 0.504280 0.358638 0.504106 0.358397 0.504106 0.357676 0.503581 0.357676 0.503407 0.357435 0.503407 0.356713 0.502883 0.356713 0.502708 0.356473 0.502708 0.355751 0.502184 0.355751 0.502009 0.355510 0.502009 0.354788 0.501485 0.354788 0.501310 0.354548 0.501310 0.353826 0.500786 0.353826 0.500611 0.353585 0.500611 0.352863 0.500087 0.352863 0.499913 0.352623 0.499913 0.350938
0 0.358927 0.350938 0.358927 0.353585 0.360150 0.353585 0.360325 0.353826 0.360325 0.354548 0.360849 0.354548 0.361024 0.354788 0.361024 0.355510 0.361548 0.355510 0.361723 0.355751 0.361723 0.356473 0.362247 0.356473 0.362421 0.356713 0.362421 0.357435 0.362945 0.357435 0.363120 0.357676 0.363120 0.358397 0.363644 0.358397 0.363819 0.358638 0.363819 0.359360 0.364343 0.359360 0.364518 0.359601 0.364518 0.362247 0.365741 0.362247 0.365741 0.361526 0.365915 0.361285 0.366440 0.361285 0.366440 0.360563 0.366614 0.360322 0.367138 0.360322 0.367138 0.359601 0.366614 0.359601 0.366440 0.359360 0.366440 0.358638 0.365217 0.358638 0.365042 0.358397 0.365042 0.357676 0.364518 0.357676 0.364343 0.357435 0.364343 0.356713 0.363819 0.356713 0.363644 0.356473 0.363644 0.355751 0.363120 0.355751 0.362945 0.355510 0.362945 0.354788 0.362421 0.354788 0.362247 0.354548 0.362247 0.353826 0.361723 0.353826 0.361548 0.353585 0.361548 0.352863 0.361024 0.352863 0.360849 0.352623 0.360849 0.350938
0 0.219165 0.350938 0.219165 0.353585 0.220388 0.353585 0.220563 0.353826 0.220563 0.354548 0.221087 0.354548 0.221261 0.354788 0.221261 0.355510 0.221785 0.355510 0.221960 0.355751 0.221960 0.356473 0.222484 0.356473 0.222659 0.356713 0.222659 0.357435 0.223183 0.357435 0.223358 0.357676 0.223358 0.358397 0.223882 0.358397 0.224057 0.358638 0.224057 0.359360 0.224581 0.359360 0.224755 0.359601 0.224755 0.362247 0.225978 0.362247 0.225978 0.361526 0.226153 0.361285 0.226677 0.361285 0.226677 0.360563 0.226852 0.360322 0.227376 0.360322 0.227376 0.359601 0.226852 0.359601 0.226677 0.359360 0.226677 0.358638 0.225454 0.358638 0.225280 0.358397 0.225280 0.357676 0.224755 0.357676 0.224581 0.357435 0.224581 0.356713 0.224057 0.356713 0.223882 0.356473 0.223882 0.355751 0.223358 0.355751 0.223183 0.355510 0.223183 0.354788 0.222659 0.354788 0.222484 0.354548 0.222484 0.353826 0.221960 0.353826 0.221785 0.353585 0.221785 0.352863 0.221261 0.352863 0.221087 0.352623 0.221087 0.350938
0 0.080101 0.350938 0.080101 0.353585 0.081324 0.353585 0.081499 0.353826 0.081499 0.354548 0.082023 0.354548 0.082198 0.354788 0.082198 0.355510 0.082722 0.355510 0.082897 0.355751 0.082897 0.356473 0.083421 0.356473 0.083595 0.356713 0.083595 0.357435 0.084119 0.357435 0.084294 0.357676 0.084294 0.358397 0.084818 0.358397 0.084993 0.358638 0.084993 0.359360 0.085517 0.359360 0.085692 0.359601 0.085692 0.362247 0.086915 0.362247 0.086915 0.361526 0.087089 0.361285 0.087614 0.361285 0.087614 0.360563 0.087788 0.360322 0.088312 0.360322 0.088312 0.359601 0.087788 0.359601 0.087614 0.359360 0.087614 0.358638 0.086391 0.358638 0.086216 0.358397 0.086216 0.357676 0.085692 0.357676 0.085517 0.357435 0.085517 0.356713 0.084993 0.356713 0.084818 0.356473 0.084818 0.355751 0.084294 0.355751 0.084119 0.355510 0.084119 0.354788 0.083595 0.354788 0.083421 0.354548 0.083421 0.353826 0.082897 0.353826 0.082722 0.353585 0.082722 0.352863 0.082198 0.352863 0.082023 0.352623 0.082023 0.350938
0 0.955538 0.314365 0.954315 0.314365 0.954140 0.313402 0.953616 0.313402 0.953442 0.312440 0.952918 0.312440 0.952743 0.311477 0.952219 0.311477 0.952044 0.310515 0.951520 0.310515 0.951345 0.309552 0.950821 0.309552 0.950646 0.308590 0.949249 0.307387 0.949249 0.305703 0.948026 0.305703 0.948026 0.306424 0.946628 0.307628 0.946628 0.310274 0.944532 0.310515 0.944532 0.311237 0.943833 0.311477 0.943833 0.312199 0.943134 0.312440 0.943134 0.313162 0.942435 0.313402 0.942435 0.314124 0.941737 0.314365 0.941737 0.315087 0.941038 0.315327 0.940164 0.317252 0.939640 0.317252 0.939640 0.318936 0.938242 0.319177 0.938242 0.319899 0.936845 0.321102 0.936845 0.321824 0.937544 0.322064 0.937544 0.324711 0.936845 0.324952 0.936845 0.325674 0.941562 0.325674 0.941737 0.327599 0.939640 0.327839 0.939465 0.326877 0.932652 0.326877 0.932652 0.328561 0.933875 0.328561 0.934050 0.329524 0.934574 0.329524 0.934748 0.330486 0.935273 0.330486 0.935447 0.331448 0.935971 0.331448 0.936146 0.332411 0.936670 0.332411 0.936845 0.333373 0.938242 0.334577 0.938242 0.337223 0.936146 0.337464 0.936146 0.341073 0.935447 0.341314 0.935273 0.342276 0.932652 0.342276 0.932477 0.341314 0.931778 0.341073 0.931778 0.338426 0.932477 0.338186 0.932652 0.337223 0.934574 0.337223 0.934574 0.336501 0.934050 0.336501 0.933176 0.334577 0.931953 0.334577 0.931778 0.337464 0.928983 0.337223 0.928983 0.333614 0.929682 0.333373 0.929857 0.332411 0.931778 0.332411 0.931778 0.330727 0.929857 0.330727 0.929857 0.331448 0.929158 0.331689 0.929158 0.332411 0.928459 0.332652 0.928459 0.333373 0.927760 0.333614 0.927760 0.334336 0.927061 0.334577 0.926188 0.336501 0.925664 0.336501 0.925664 0.337223 0.926887 0.337223 0.927061 0.338186 0.928459 0.339389 0.928459 0.342036 0.926363 0.342276 0.926188 0.341314 0.923567 0.341314 0.923393 0.342276 0.922170 0.342276 0.921995 0.343239 0.920772 0.343239 0.920772 0.343961 0.920073 0.344201 0.919200 0.346126 0.918676 0.346126 0.918676 0.348773 0.917977 0.349013 0.917977 0.349735 0.921296 0.349735 0.921296 0.349013 0.920597 0.348773 0.920597 0.346126 0.921296 0.345885 0.922170 0.343961 0.925489 0.343961 0.925664 0.344923 0.926188 0.344923 0.926363 0.345885 0.926887 0.345885 0.927061 0.346848 0.928459 0.348051 0.928459 0.350698 0.927760 0.350938 0.927760 0.352623 0.927061 0.352863 0.926887 0.353826 0.924965 0.353826 0.924790 0.352863 0.923393 0.351660 0.923393 0.350938 0.921471 0.350938 0.921471 0.351660 0.921995 0.351660 0.922170 0.352623 0.922694 0.352623 0.922869 0.353585 0.924266 0.354788 0.924266 0.356473 0.925489 0.356473 0.925489 0.355751 0.926188 0.355510 0.927061 0.353585 0.928284 0.353585 0.928284 0.351901 0.928983 0.351660 0.928983 0.348051 0.929682 0.347810 0.929682 0.347089 0.928983 0.346848 0.929158 0.342998 0.931080 0.342998 0.931254 0.343961 0.931953 0.344201 0.931953 0.346848 0.933176 0.346848 0.933176 0.346126 0.933875 0.345885 0.933875 0.345164 0.934574 0.344923 0.934574 0.344201 0.935273 0.343961 0.935273 0.343239 0.935971 0.342998 0.936845 0.341073 0.937369 0.341073 0.937369 0.338426 0.939465 0.338186 0.939465 0.337464 0.940863 0.336261 0.940164 0.334577 0.938941 0.334577 0.938767 0.333614 0.938242 0.333614 0.938068 0.332652 0.936670 0.331448 0.936670 0.328802 0.938767 0.328561 0.938941 0.329524 0.943658 0.329524 0.943658 0.328802 0.944357 0.328561 0.944357 0.327839 0.943833 0.327839 0.942959 0.325914 0.941737 0.325914 0.941562 0.324952 0.940164 0.323749 0.940164 0.320140 0.941562 0.319899 0.941737 0.317012 0.943658 0.317012 0.944532 0.318936 0.945755 0.318936 0.945929 0.320861 0.946454 0.320861 0.947327 0.322786 0.950646 0.322786 0.949948 0.321102 0.948725 0.321102 0.948550 0.320140 0.948026 0.320140 0.947851 0.319177 0.947327 0.319177 0.947152 0.318215 0.946628 0.318215 0.946454 0.317252 0.945929 0.317252 0.945755 0.316290 0.944357 0.315087 0.944357 0.312440 0.947152 0.312199 0.947327 0.310274 0.949249 0.310274 0.949423 0.311237 0.949948 0.311237 0.950122 0.312199 0.950646 0.312199 0.950821 0.313162 0.951345 0.313162 0.951520 0.314124 0.952044 0.314124 0.952219 0.315087 0.953616 0.316290 0.953616 0.317974 0.954140 0.317974 0.954140 0.317252 0.955538 0.316049
0 0.816474 0.314365 0.815252 0.314365 0.815077 0.313402 0.814553 0.313402 0.814378 0.312440 0.813854 0.312440 0.813679 0.311477 0.813155 0.311477 0.812980 0.310515 0.812456 0.310515 0.812282 0.309552 0.811758 0.309552 0.811583 0.308590 0.810185 0.307387 0.810185 0.305703 0.808962 0.305703 0.808962 0.306424 0.807565 0.307628 0.807565 0.310274 0.805468 0.310515 0.805468 0.311237 0.804769 0.311477 0.804769 0.312199 0.804071 0.312440 0.804071 0.313162 0.803372 0.313402 0.803372 0.314124 0.802673 0.314365 0.802673 0.315087 0.801974 0.315327 0.801101 0.317252 0.800577 0.317252 0.800577 0.318936 0.799179 0.319177 0.799179 0.319899 0.797781 0.321102 0.797781 0.321824 0.798480 0.322064 0.798480 0.324711 0.797781 0.324952 0.797781 0.325674 0.802498 0.325674 0.802673 0.327599 0.800577 0.327839 0.800402 0.326877 0.793588 0.326877 0.793588 0.328561 0.794811 0.328561 0.794986 0.329524 0.795510 0.329524 0.795685 0.330486 0.796209 0.330486 0.796384 0.331448 0.796908 0.331448 0.797082 0.332411 0.797607 0.332411 0.797781 0.333373 0.799179 0.334577 0.799179 0.337223 0.797082 0.337464 0.797082 0.341073 0.796384 0.341314 0.796209 0.342276 0.793588 0.342276 0.793414 0.341314 0.792715 0.341073 0.792715 0.338426 0.793414 0.338186 0.793588 0.337223 0.795510 0.337223 0.795510 0.336501 0.794986 0.336501 0.794113 0.334577 0.792890 0.334577 0.792715 0.337464 0.789920 0.337223 0.789920 0.333614 0.790618 0.333373 0.790793 0.332411 0.792715 0.332411 0.792715 0.330727 0.790793 0.330727 0.790793 0.331448 0.790094 0.331689 0.790094 0.332411 0.789396 0.332652 0.789396 0.333373 0.788697 0.333614 0.788697 0.334336 0.787998 0.334577 0.787124 0.336501 0.786600 0.336501 0.786600 0.337223 0.787823 0.337223 0.787998 0.338186 0.789396 0.339389 0.789396 0.342036 0.787299 0.342276 0.787124 0.341314 0.784504 0.341314 0.784329 0.342276 0.783106 0.342276 0.782932 0.343239 0.781709 0.343239 0.781709 0.343961 0.781010 0.344201 0.780136 0.346126 0.779612 0.346126 0.779612 0.348773 0.778913 0.349013 0.778913 0.349735 0.782233 0.349735 0.782233 0.349013 0.781534 0.348773 0.781534 0.346126 0.782233 0.345885 0.783106 0.343961 0.786426 0.343961 0.786600 0.344923 0.787124 0.344923 0.787299 0.345885 0.787823 0.345885 0.787998 0.346848 0.789396 0.348051 0.789396 0.350698 0.788697 0.350938 0.788697 0.352623 0.787998 0.352863 0.787823 0.353826 0.785901 0.353826 0.785727 0.352863 0.784329 0.351660 0.784329 0.350938 0.782407 0.350938 0.782407 0.351660 0.782932 0.351660 0.783106 0.352623 0.783630 0.352623 0.783805 0.353585 0.785203 0.354788 0.785203 0.356473 0.786426 0.356473 0.786426 0.355751 0.787124 0.355510 0.787998 0.353585 0.789221 0.353585 0.789221 0.351901 0.789920 0.351660 0.789920 0.348051 0.790618 0.347810 0.790618 0.347089 0.789920 0.346848 0.790094 0.342998 0.792016 0.342998 0.792191 0.343961 0.792890 0.344201 0.792890 0.346848 0.794113 0.346848 0.794113 0.346126 0.794811 0.345885 0.794811 0.345164 0.795510 0.344923 0.795510 0.344201 0.796209 0.343961 0.796209 0.343239 0.796908 0.342998 0.797781 0.341073 0.798305 0.341073 0.798305 0.338426 0.800402 0.338186 0.800402 0.337464 0.801799 0.336261 0.801101 0.334577 0.799878 0.334577 0.799703 0.333614 0.799179 0.333614 0.799004 0.332652 0.797607 0.331448 0.797607 0.328802 0.799703 0.328561 0.799878 0.329524 0.804595 0.329524 0.804595 0.328802 0.805294 0.328561 0.805294 0.327839 0.804769 0.327839 0.803896 0.325914 0.802673 0.325914 0.802498 0.324952 0.801101 0.323749 0.801101 0.320140 0.802498 0.319899 0.802673 0.317012 0.804595 0.317012 0.805468 0.318936 0.806691 0.318936 0.806866 0.320861 0.807390 0.320861 0.808263 0.322786 0.811583 0.322786 0.810884 0.321102 0.809661 0.321102 0.809486 0.320140 0.808962 0.320140 0.808788 0.319177 0.808263 0.319177 0.808089 0.318215 0.807565 0.318215 0.807390 0.317252 0.806866 0.317252 0.806691 0.316290 0.805294 0.315087 0.805294 0.312440 0.808089 0.312199 0.808263 0.310274 0.810185 0.310274 0.810360 0.311237 0.810884 0.311237 0.811059 0.312199 0.811583 0.312199 0.811758 0.313162 0.812282 0.313162 0.812456 0.314124 0.812980 0.314124 0.813155 0.315087 0.814553 0.316290 0.814553 0.317974 0.815077 0.317974 0.815077 0.317252 0.816474 0.316049
0 0.677411 0.314365 0.676188 0.314365 0.676013 0.313402 0.675489 0.313402 0.675314 0.312440 0.674790 0.312440 0.674616 0.311477 0.674092 0.311477 0.673917 0.310515 0.673393 0.310515 0.673218 0.309552 0.672694 0.309552 0.672519 0.308590 0.671122 0.307387 0.671122 0.305703 0.669899 0.305703 0.669899 0.306424 0.668501 0.307628 0.668501 0.310274 0.666405 0.310515 0.666405 0.311237 0.665706 0.311477 0.665706 0.312199 0.665007 0.312440 0.665007 0.313162 0.664308 0.313402 0.664308 0.314124 0.663609 0.314365 0.663609 0.315087 0.662911 0.315327 0.662037 0.317252 0.661513 0.317252 0.661513 0.318936 0.660115 0.319177 0.660115 0.319899 0.658718 0.321102 0.658718 0.321824 0.659416 0.322064 0.659416 0.324711 0.658718 0.324952 0.658718 0.325674 0.663435 0.325674 0.663609 0.327599 0.661513 0.327839 0.661338 0.326877 0.654525 0.326877 0.654525 0.328561 0.655748 0.328561 0.655922 0.329524 0.656447 0.329524 0.656621 0.330486 0.657145 0.330486 0.657320 0.331448 0.657844 0.331448 0.658019 0.332411 0.658543 0.332411 0.658718 0.333373 0.660115 0.334577 0.660115 0.337223 0.658019 0.337464 0.658019 0.341073 0.657320 0.341314 0.657145 0.342276 0.654525 0.342276 0.654350 0.341314 0.653651 0.341073 0.653651 0.338426 0.654350 0.338186 0.654525 0.337223 0.656447 0.337223 0.656447 0.336501 0.655922 0.336501 0.655049 0.334577 0.653826 0.334577 0.653651 0.337464 0.650856 0.337223 0.650856 0.333614 0.651555 0.333373 0.651730 0.332411 0.653651 0.332411 0.653651 0.330727 0.651730 0.330727 0.651730 0.331448 0.651031 0.331689 0.651031 0.332411 0.650332 0.332652 0.650332 0.333373 0.649633 0.333614 0.649633 0.334336 0.648934 0.334577 0.648061 0.336501 0.647537 0.336501 0.647537 0.337223 0.648760 0.337223 0.648934 0.338186 0.650332 0.339389 0.650332 0.342036 0.648235 0.342276 0.648061 0.341314 0.645440 0.341314 0.645266 0.342276 0.644043 0.342276 0.643868 0.343239 0.642645 0.343239 0.642645 0.343961 0.641946 0.344201 0.641073 0.346126 0.640549 0.346126 0.640549 0.348773 0.639850 0.349013 0.639850 0.349735 0.643169 0.349735 0.643169 0.349013 0.642470 0.348773 0.642470 0.346126 0.643169 0.345885 0.644043 0.343961 0.647362 0.343961 0.647537 0.344923 0.648061 0.344923 0.648235 0.345885 0.648760 0.345885 0.648934 0.346848 0.650332 0.348051 0.650332 0.350698 0.649633 0.350938 0.649633 0.352623 0.648934 0.352863 0.648760 0.353826 0.646838 0.353826 0.646663 0.352863 0.645266 0.351660 0.645266 0.350938 0.643344 0.350938 0.643344 0.351660 0.643868 0.351660 0.644043 0.352623 0.644567 0.352623 0.644741 0.353585 0.646139 0.354788 0.646139 0.356473 0.647362 0.356473 0.647362 0.355751 0.648061 0.355510 0.648934 0.353585 0.650157 0.353585 0.650157 0.351901 0.650856 0.351660 0.650856 0.348051 0.651555 0.347810 0.651555 0.347089 0.650856 0.346848 0.651031 0.342998 0.652952 0.342998 0.653127 0.343961 0.653826 0.344201 0.653826 0.346848 0.655049 0.346848 0.655049 0.346126 0.655748 0.345885 0.655748 0.345164 0.656447 0.344923 0.656447 0.344201 0.657145 0.343961 0.657145 0.343239 0.657844 0.342998 0.658718 0.341073 0.659242 0.341073 0.659242 0.338426 0.661338 0.338186 0.661338 0.337464 0.662736 0.336261 0.662037 0.334577 0.660814 0.334577 0.660639 0.333614 0.660115 0.333614 0.659941 0.332652 0.658543 0.331448 0.658543 0.328802 0.660639 0.328561 0.660814 0.329524 0.665531 0.329524 0.665531 0.328802 0.666230 0.328561 0.666230 0.327839 0.665706 0.327839 0.664832 0.325914 0.663609 0.325914 0.663435 0.324952 0.662037 0.323749 0.662037 0.320140 0.663435 0.319899 0.663609 0.317012 0.665531 0.317012 0.666405 0.318936 0.667628 0.318936 0.667802 0.320861 0.668326 0.320861 0.669200 0.322786 0.672519 0.322786 0.671820 0.321102 0.670597 0.321102 0.670423 0.320140 0.669899 0.320140 0.669724 0.319177 0.669200 0.319177 0.669025 0.318215 0.668501 0.318215 0.668326 0.317252 0.667802 0.317252 0.667628 0.316290 0.666230 0.315087 0.666230 0.312440 0.669025 0.312199 0.669200 0.310274 0.671122 0.310274 0.671296 0.311237 0.671820 0.311237 0.671995 0.312199 0.672519 0.312199 0.672694 0.313162 0.673218 0.313162 0.673393 0.314124 0.673917 0.314124 0.674092 0.315087 0.675489 0.316290 0.675489 0.317974 0.676013 0.317974 0.676013 0.317252 0.677411 0.316049
0 0.538347 0.314365 0.537124 0.314365 0.536950 0.313402 0.536426 0.313402 0.536251 0.312440 0.535727 0.312440 0.535552 0.311477 0.535028 0.311477 0.534853 0.310515 0.534329 0.310515 0.534154 0.309552 0.533630 0.309552 0.533456 0.308590 0.532058 0.307387 0.532058 0.305703 0.530835 0.305703 0.530835 0.306424 0.529437 0.307628 0.529437 0.310274 0.527341 0.310515 0.527341 0.311237 0.526642 0.311477 0.526642 0.312199 0.525943 0.312440 0.525943 0.313162 0.525245 0.313402 0.525245 0.314124 0.524546 0.314365 0.524546 0.315087 0.523847 0.315327 0.522973 0.317252 0.522449 0.317252 0.522449 0.318936 0.521052 0.319177 0.521052 0.319899 0.519654 0.321102 0.519654 0.321824 0.520353 0.322064 0.520353 0.324711 0.519654 0.324952 0.519654 0.325674 0.524371 0.325674 0.524546 0.327599 0.522449 0.327839 0.522275 0.326877 0.515461 0.326877 0.515461 0.328561 0.516684 0.328561 0.516859 0.329524 0.517383 0.329524 0.517558 0.330486 0.518082 0.330486 0.518256 0.331448 0.518781 0.331448 0.518955 0.332411 0.519479 0.332411 0.519654 0.333373 0.521052 0.334577 0.521052 0.337223 0.518955 0.337464 0.518955 0.341073 0.518256 0.341314 0.518082 0.342276 0.515461 0.342276 0.515287 0.341314 0.514588 0.341073 0.514588 0.338426 0.515287 0.338186 0.515461 0.337223 0.517383 0.337223 0.517383 0.336501 0.516859 0.336501 0.515985 0.334577 0.514762 0.334577 0.514588 0.337464 0.511792 0.337223 0.511792 0.333614 0.512491 0.333373 0.512666 0.332411 0.514588 0.332411 0.514588 0.330727 0.512666 0.330727 0.512666 0.331448 0.511967 0.331689 0.511967 0.332411 0.511268 0.332652 0.511268 0.333373 0.510570 0.333614 0.510570 0.334336 0.509871 0.334577 0.508997 0.336501 0.508473 0.336501 0.508473 0.337223 0.509696 0.337223 0.509871 0.338186 0.511268 0.339389 0.511268 0.342036 0.509172 0.342276 0.508997 0.341314 0.506377 0.341314 0.506202 0.342276 0.504979 0.342276 0.504804 0.343239 0.503581 0.343239 0.503581 0.343961 0.502883 0.344201 0.502009 0.346126 0.501485 0.346126 0.501485 0.348773 0.500786 0.349013 0.500786 0.349735 0.504106 0.349735 0.504106 0.349013 0.503407 0.348773 0.503407 0.346126 0.504106 0.345885 0.504979 0.343961 0.508298 0.343961 0.508473 0.344923 0.508997 0.344923 0.509172 0.345885 0.509696 0.345885 0.509871 0.346848 0.511268 0.348051 0.511268 0.350698 0.510570 0.350938 0.510570 0.352623 0.509871 0.352863 0.509696 0.353826 0.507774 0.353826 0.507600 0.352863 0.506202 0.351660 0.506202 0.350938 0.504280 0.350938 0.504280 0.351660 0.504804 0.351660 0.504979 0.352623 0.505503 0.352623 0.505678 0.353585 0.507075 0.354788 0.507075 0.356473 0.508298 0.356473 0.508298 0.355751 0.508997 0.355510 0.509871 0.353585 0.511094 0.353585 0.511094 0.351901 0.511792 0.351660 0.511792 0.348051 0.512491 0.347810 0.512491 0.347089 0.511792 0.346848 0.511967 0.342998 0.513889 0.342998 0.514064 0.343961 0.514762 0.344201 0.514762 0.346848 0.515985 0.346848 0.515985 0.346126 0.516684 0.345885 0.516684 0.345164 0.517383 0.344923 0.517383 0.344201 0.518082 0.343961 0.518082 0.343239 0.518781 0.342998 0.519654 0.341073 0.520178 0.341073 0.520178 0.338426 0.522275 0.338186 0.522275 0.337464 0.523672 0.336261 0.522973 0.334577 0.521751 0.334577 0.521576 0.333614 0.521052 0.333614 0.520877 0.332652 0.519479 0.331448 0.519479 0.328802 0.521576 0.328561 0.521751 0.329524 0.526468 0.329524 0.526468 0.328802 0.527166 0.328561 0.527166 0.327839 0.526642 0.327839 0.525769 0.325914 0.524546 0.325914 0.524371 0.324952 0.522973 0.323749 0.522973 0.320140 0.524371 0.319899 0.524546 0.317012 0.526468 0.317012 0.527341 0.318936 0.528564 0.318936 0.528739 0.320861 0.529263 0.320861 0.530136 0.322786 0.533456 0.322786 0.532757 0.321102 0.531534 0.321102 0.531359 0.320140 0.530835 0.320140 0.530660 0.319177 0.530136 0.319177 0.529962 0.318215 0.529437 0.318215 0.529263 0.317252 0.528739 0.317252 0.528564 0.316290 0.527166 0.315087 0.527166 0.312440 0.529962 0.312199 0.530136 0.310274 0.532058 0.310274 0.532233 0.311237 0.532757 0.311237 0.532932 0.312199 0.533456 0.312199 0.533630 0.313162 0.534154 0.313162 0.534329 0.314124 0.534853 0.314124 0.535028 0.315087 0.536426 0.316290 0.536426 0.317974 0.536950 0.317974 0.536950 0.317252 0.538347 0.316049
0 0.399284 0.314365 0.398061 0.314365 0.397886 0.313402 0.397362 0.313402 0.397187 0.312440 0.396663 0.312440 0.396488 0.311477 0.395964 0.311477 0.395790 0.310515 0.395266 0.310515 0.395091 0.309552 0.394567 0.309552 0.394392 0.308590 0.392994 0.307387 0.392994 0.305703 0.391771 0.305703 0.391771 0.306424 0.390374 0.307628 0.390374 0.310274 0.388277 0.310515 0.388277 0.311237 0.387579 0.311477 0.387579 0.312199 0.386880 0.312440 0.386880 0.313162 0.386181 0.313402 0.386181 0.314124 0.385482 0.314365 0.385482 0.315087 0.384783 0.315327 0.383910 0.317252 0.383386 0.317252 0.383386 0.318936 0.381988 0.319177 0.381988 0.319899 0.380590 0.321102 0.380590 0.321824 0.381289 0.322064 0.381289 0.324711 0.380590 0.324952 0.380590 0.325674 0.385307 0.325674 0.385482 0.327599 0.383386 0.327839 0.383211 0.326877 0.376398 0.326877 0.376398 0.328561 0.377621 0.328561 0.377795 0.329524 0.378319 0.329524 0.378494 0.330486 0.379018 0.330486 0.379193 0.331448 0.379717 0.331448 0.379892 0.332411 0.380416 0.332411 0.380590 0.333373 0.381988 0.334577 0.381988 0.337223 0.379892 0.337464 0.379892 0.341073 0.379193 0.341314 0.379018 0.342276 0.376398 0.342276 0.376223 0.341314 0.375524 0.341073 0.375524 0.338426 0.376223 0.338186 0.376398 0.337223 0.378319 0.337223 0.378319 0.336501 0.377795 0.336501 0.376922 0.334577 0.375699 0.334577 0.375524 0.337464 0.372729 0.337223 0.372729 0.333614 0.373428 0.333373 0.373602 0.332411 0.375524 0.332411 0.375524 0.330727 0.373602 0.330727 0.373602 0.331448 0.372904 0.331689 0.372904 0.332411 0.372205 0.332652 0.372205 0.333373 0.371506 0.333614 0.371506 0.334336 0.370807 0.334577 0.369934 0.336501 0.369410 0.336501 0.369410 0.337223 0.370632 0.337223 0.370807 0.338186 0.372205 0.339389 0.372205 0.342036 0.370108 0.342276 0.369934 0.341314 0.367313 0.341314 0.367138 0.342276 0.365915 0.342276 0.365741 0.343239 0.364518 0.343239 0.364518 0.343961 0.363819 0.344201 0.362945 0.346126 0.362421 0.346126 0.362421 0.348773 0.361723 0.349013 0.361723 0.349735 0.365042 0.349735 0.365042 0.349013 0.364343 0.348773 0.364343 0.346126 0.365042 0.345885 0.365915 0.343961 0.369235 0.343961 0.369410 0.344923 0.369934 0.344923 0.370108 0.345885 0.370632 0.345885 0.370807 0.346848 0.372205 0.348051 0.372205 0.350698 0.371506 0.350938 0.371506 0.352623 0.370807 0.352863 0.370632 0.353826 0.368711 0.353826 0.368536 0.352863 0.367138 0.351660 0.367138 0.350938 0.365217 0.350938 0.365217 0.351660 0.365741 0.351660 0.365915 0.352623 0.366440 0.352623 0.366614 0.353585 0.368012 0.354788 0.368012 0.356473 0.369235 0.356473 0.369235 0.355751 0.369934 0.355510 0.370807 0.353585 0.372030 0.353585 0.372030 0.351901 0.372729 0.351660 0.372729 0.348051 0.373428 0.347810 0.373428 0.347089 0.372729 0.346848 0.372904 0.342998 0.374825 0.342998 0.375000 0.343961 0.375699 0.344201 0.375699 0.346848 0.376922 0.346848 0.376922 0.346126 0.377621 0.345885 0.377621 0.345164 0.378319 0.344923 0.378319 0.344201 0.379018 0.343961 0.379018 0.343239 0.379717 0.342998 0.380590 0.341073 0.381115 0.341073 0.381115 0.338426 0.383211 0.338186 0.383211 0.337464 0.384609 0.336261 0.383910 0.334577 0.382687 0.334577 0.382512 0.333614 0.381988 0.333614 0.381813 0.332652 0.380416 0.331448 0.380416 0.328802 0.382512 0.328561 0.382687 0.329524 0.387404 0.329524 0.387404 0.328802 0.388103 0.328561 0.388103 0.327839 0.387579 0.327839 0.386705 0.325914 0.385482 0.325914 0.385307 0.324952 0.383910 0.323749 0.383910 0.320140 0.385307 0.319899 0.385482 0.317012 0.387404 0.317012 0.388277 0.318936 0.389500 0.318936 0.389675 0.320861 0.390199 0.320861 0.391073 0.322786 0.394392 0.322786 0.393693 0.321102 0.392470 0.321102 0.392296 0.320140 0.391771 0.320140 0.391597 0.319177 0.391073 0.319177 0.390898 0.318215 0.390374 0.318215 0.390199 0.317252 0.389675 0.317252 0.389500 0.316290 0.388103 0.315087 0.388103 0.312440 0.390898 0.312199 0.391073 0.310274 0.392994 0.310274 0.393169 0.311237 0.393693 0.311237 0.393868 0.312199 0.394392 0.312199 0.394567 0.313162 0.395091 0.313162 0.395266 0.314124 0.395790 0.314124 0.395964 0.315087 0.397362 0.316290 0.397362 0.317974 0.397886 0.317974 0.397886 0.317252 0.399284 0.316049
0 0.259521 0.314365 0.258298 0.314365 0.258124 0.313402 0.257600 0.313402 0.257425 0.312440 0.256901 0.312440 0.256726 0.311477 0.256202 0.311477 0.256027 0.310515 0.255503 0.310515 0.255328 0.309552 0.254804 0.309552 0.254630 0.308590 0.253232 0.307387 0.253232 0.305703 0.252009 0.305703 0.252009 0.306424 0.250611 0.307628 0.250611 0.310274 0.248515 0.310515 0.248515 0.311237 0.247816 0.311477 0.247816 0.312199 0.247117 0.312440 0.247117 0.313162 0.246419 0.313402 0.246419 0.314124 0.245720 0.314365 0.245720 0.315087 0.245021 0.315327 0.244147 0.317252 0.243623 0.317252 0.243623 0.318936 0.242226 0.319177 0.242226 0.319899 0.240828 0.321102 0.240828 0.321824 0.241527 0.322064 0.241527 0.324711 0.240828 0.324952 0.240828 0.325674 0.245545 0.325674 0.245720 0.327599 0.243623 0.327839 0.243449 0.326877 0.236635 0.326877 0.236635 0.328561 0.237858 0.328561 0.238033 0.329524 0.238557 0.329524 0.238732 0.330486 0.239256 0.330486 0.239430 0.331448 0.239955 0.331448 0.240129 0.332411 0.240653 0.332411 0.240828 0.333373 0.242226 0.334577 0.242226 0.337223 0.240129 0.337464 0.240129 0.341073 0.239430 0.341314 0.239256 0.342276 0.236635 0.342276 0.236461 0.341314 0.235762 0.341073 0.235762 0.338426 0.236461 0.338186 0.236635 0.337223 0.238557 0.337223 0.238557 0.336501 0.238033 0.336501 0.237159 0.334577 0.235936 0.334577 0.235762 0.337464 0.232966 0.337223 0.232966 0.333614 0.233665 0.333373 0.233840 0.332411 0.235762 0.332411 0.235762 0.330727 0.233840 0.330727 0.233840 0.331448 0.233141 0.331689 0.233141 0.332411 0.232442 0.332652 0.232442 0.333373 0.231744 0.333614 0.231744 0.334336 0.231045 0.334577 0.230171 0.336501 0.229647 0.336501 0.229647 0.337223 0.230870 0.337223 0.231045 0.338186 0.232442 0.339389 0.232442 0.342036 0.230346 0.342276 0.230171 0.341314 0.227551 0.341314 0.227376 0.342276 0.226153 0.342276 0.225978 0.343239 0.224755 0.343239 0.224755 0.343961 0.224057 0.344201 0.223183 0.346126 0.222659 0.346126 0.222659 0.348773 0.221960 0.349013 0.221960 0.349735 0.225280 0.349735 0.225280 0.349013 0.224581 0.348773 0.224581 0.346126 0.225280 0.345885 0.226153 0.343961 0.229472 0.343961 0.229647 0.344923 0.230171 0.344923 0.230346 0.345885 0.230870 0.345885 0.231045 0.346848 0.232442 0.348051 0.232442 0.350698 0.231744 0.350938 0.231744 0.352623 0.231045 0.352863 0.230870 0.353826 0.228948 0.353826 0.228774 0.352863 0.227376 0.351660 0.227376 0.350938 0.225454 0.350938 0.225454 0.351660 0.225978 0.351660 0.226153 0.352623 0.226677 0.352623 0.226852 0.353585 0.228249 0.354788 0.228249 0.356473 0.229472 0.356473 0.229472 0.355751 0.230171 0.355510 0.231045 0.353585 0.232268 0.353585 0.232268 0.351901 0.232966 0.351660 0.232966 0.348051 0.233665 0.347810 0.233665 0.347089 0.232966 0.346848 0.233141 0.342998 0.235063 0.342998 0.235238 0.343961 0.235936 0.344201 0.235936 0.346848 0.237159 0.346848 0.237159 0.346126 0.237858 0.345885 0.237858 0.345164 0.238557 0.344923 0.238557 0.344201 0.239256 0.343961 0.239256 0.343239 0.239955 0.342998 0.240828 0.341073 0.241352 0.341073 0.241352 0.338426 0.243449 0.338186 0.243449 0.337464 0.244846 0.336261 0.244147 0.334577 0.242925 0.334577 0.242750 0.333614 0.242226 0.333614 0.242051 0.332652 0.240653 0.331448 0.240653 0.328802 0.242750 0.328561 0.242925 0.329524 0.247642 0.329524 0.247642 0.328802 0.248340 0.328561 0.248340 0.327839 0.247816 0.327839 0.246943 0.325914 0.245720 0.325914 0.245545 0.324952 0.244147 0.323749 0.244147 0.320140 0.245545 0.319899 0.245720 0.317012 0.247642 0.317012 0.248515 0.318936 0.249738 0.318936 0.249913 0.320861 0.250437 0.320861 0.251310 0.322786 0.254630 0.322786 0.253931 0.321102 0.252708 0.321102 0.252533 0.320140 0.252009 0.320140 0.251834 0.319177 0.251310 0.319177 0.251136 0.318215 0.250611 0.318215 0.250437 0.317252 0.249913 0.317252 0.249738 0.316290 0.248340 0.315087 0.248340 0.312440 0.251136 0.312199 0.251310 0.310274 0.253232 0.310274 0.253407 0.311237 0.253931 0.311237 0.254106 0.312199 0.254630 0.312199 0.254804 0.313162 0.255328 0.313162 0.255503 0.314124 0.256027 0.314124 0.256202 0.315087 0.257600 0.316290 0.257600 0.317974 0.258124 0.317974 0.258124 0.317252 0.259521 0.316049
0 0.120458 0.314365 0.119235 0.314365 0.119060 0.313402 0.118536 0.313402 0.118361 0.312440 0.117837 0.312440 0.117662 0.311477 0.117138 0.311477 0.116964 0.310515 0.116440 0.310515 0.116265 0.309552 0.115741 0.309552 0.115566 0.308590 0.114168 0.307387 0.114168 0.305703 0.112945 0.305703 0.112945 0.306424 0.111548 0.307628 0.111548 0.310274 0.109451 0.310515 0.109451 0.311237 0.108753 0.311477 0.108753 0.312199 0.108054 0.312440 0.108054 0.313162 0.107355 0.313402 0.107355 0.314124 0.106656 0.314365 0.106656 0.315087 0.105957 0.315327 0.105084 0.317252 0.104560 0.317252 0.104560 0.318936 0.103162 0.319177 0.103162 0.319899 0.101765 0.321102 0.101765 0.321824 0.102463 0.322064 0.102463 0.324711 0.101765 0.324952 0.101765 0.325674 0.106481 0.325674 0.106656 0.327599 0.104560 0.327839 0.104385 0.326877 0.097572 0.326877 0.097572 0.328561 0.098795 0.328561 0.098969 0.329524 0.099493 0.329524 0.099668 0.330486 0.100192 0.330486 0.100367 0.331448 0.100891 0.331448 0.101066 0.332411 0.101590 0.332411 0.101765 0.333373 0.103162 0.334577 0.103162 0.337223 0.101066 0.337464 0.101066 0.341073 0.100367 0.341314 0.100192 0.342276 0.097572 0.342276 0.097397 0.341314 0.096698 0.341073 0.096698 0.338426 0.097397 0.338186 0.097572 0.337223 0.099493 0.337223 0.099493 0.336501 0.098969 0.336501 0.098096 0.334577 0.096873 0.334577 0.096698 0.337464 0.093903 0.337223 0.093903 0.333614 0.094602 0.333373 0.094776 0.332411 0.096698 0.332411 0.096698 0.330727 0.094776 0.330727 0.094776 0.331448 0.094078 0.331689 0.094078 0.332411 0.093379 0.332652 0.093379 0.333373 0.092680 0.333614 0.092680 0.334336 0.091981 0.334577 0.091108 0.336501 0.090584 0.336501 0.090584 0.337223 0.091806 0.337223 0.091981 0.338186 0.093379 0.339389 0.093379 0.342036 0.091282 0.342276 0.091108 0.341314 0.088487 0.341314 0.088312 0.342276 0.087089 0.342276 0.086915 0.343239 0.085692 0.343239 0.085692 0.343961 0.084993 0.344201 0.084119 0.346126 0.083595 0.346126 0.083595 0.348773 0.082897 0.349013 0.082897 0.349735 0.086216 0.349735 0.086216 0.349013 0.085517 0.348773 0.085517 0.346126 0.086216 0.345885 0.087089 0.343961 0.090409 0.343961 0.090584 0.344923 0.091108 0.344923 0.091282 0.345885 0.091806 0.345885 0.091981 0.346848 0.093379 0.348051 0.093379 0.350698 0.092680 0.350938 0.092680 0.352623 0.091981 0.352863 0.091806 0.353826 0.089885 0.353826 0.089710 0.352863 0.088312 0.351660 0.088312 0.350938 0.086391 0.350938 0.086391 0.351660 0.086915 0.351660 0.087089 0.352623 0.087614 0.352623 0.087788 0.353585 0.089186 0.354788 0.089186 0.356473 0.090409 0.356473 0.090409 0.355751 0.091108 0.355510 0.091981 0.353585 0.093204 0.353585 0.093204 0.351901 0.093903 0.351660 0.093903 0.348051 0.094602 0.347810 0.094602 0.347089 0.093903 0.346848 0.094078 0.342998 0.095999 0.342998 0.096174 0.343961 0.096873 0.344201 0.096873 0.346848 0.098096 0.346848 0.098096 0.346126 0.098795 0.345885 0.098795 0.345164 0.099493 0.344923 0.099493 0.344201 0.100192 0.343961 0.100192 0.343239 0.100891 0.342998 0.101765 0.341073 0.102289 0.341073 0.102289 0.338426 0.104385 0.338186 0.104385 0.337464 0.105783 0.336261 0.105084 0.334577 0.103861 0.334577 0.103686 0.333614 0.103162 0.333614 0.102987 0.332652 0.101590 0.331448 0.101590 0.328802 0.103686 0.328561 0.103861 0.329524 0.108578 0.329524 0.108578 0.328802 0.109277 0.328561 0.109277 0.327839 0.108753 0.327839 0.107879 0.325914 0.106656 0.325914 0.106481 0.324952 0.105084 0.323749 0.105084 0.320140 0.106481 0.319899 0.106656 0.317012 0.108578 0.317012 0.109451 0.318936 0.110674 0.318936 0.110849 0.320861 0.111373 0.320861 0.112247 0.322786 0.115566 0.322786 0.114867 0.321102 0.113644 0.321102 0.113470 0.320140 0.112945 0.320140 0.112771 0.319177 0.112247 0.319177 0.112072 0.318215 0.111548 0.318215 0.111373 0.317252 0.110849 0.317252 0.110674 0.316290 0.109277 0.315087 0.109277 0.312440 0.112072 0.312199 0.112247 0.310274 0.114168 0.310274 0.114343 0.311237 0.114867 0.311237 0.115042 0.312199 0.115566 0.312199 0.115741 0.313162 0.116265 0.313162 0.116440 0.314124 0.116964 0.314124 0.117138 0.315087 0.118536 0.316290 0.118536 0.317974 0.119060 0.317974 0.119060 0.317252 0.120458 0.316049
0 0.954315 0.301853 0.954315 0.304500 0.954839 0.304500 0.955014 0.304740 0.955014 0.307387 0.955538 0.307387 0.955713 0.307628 0.955713 0.309312 0.956237 0.309312 0.956412 0.309552 0.956412 0.313162 0.957635 0.313162 0.957635 0.312440 0.957809 0.312199 0.958333 0.312199 0.958333 0.310515 0.957809 0.310515 0.957635 0.310274 0.957635 0.309552 0.957110 0.309552 0.956936 0.309312 0.956936 0.306665 0.957110 0.306424 0.957635 0.306424 0.957635 0.305703 0.957809 0.305462 0.958333 0.305462 0.958333 0.304740 0.958508 0.304500 0.960430 0.304500 0.960604 0.304740 0.960604 0.305462 0.961129 0.305462 0.961303 0.305703 0.961303 0.306424 0.962526 0.306424 0.962526 0.305703 0.962701 0.305462 0.963225 0.305462 0.963225 0.304740 0.963400 0.304500 0.963924 0.304500 0.963924 0.303778 0.962002 0.303778 0.961827 0.303537 0.961827 0.302815 0.959906 0.302815 0.959731 0.302575 0.959731 0.301853
0 0.815252 0.301853 0.815252 0.304500 0.815776 0.304500 0.815950 0.304740 0.815950 0.307387 0.816474 0.307387 0.816649 0.307628 0.816649 0.309312 0.817173 0.309312 0.817348 0.309552 0.817348 0.313162 0.818571 0.313162 0.818571 0.312440 0.818746 0.312199 0.819270 0.312199 0.819270 0.310515 0.818746 0.310515 0.818571 0.310274 0.818571 0.309552 0.818047 0.309552 0.817872 0.309312 0.817872 0.306665 0.818047 0.306424 0.818571 0.306424 0.818571 0.305703 0.818746 0.305462 0.819270 0.305462 0.819270 0.304740 0.819444 0.304500 0.821366 0.304500 0.821541 0.304740 0.821541 0.305462 0.822065 0.305462 0.822240 0.305703 0.822240 0.306424 0.823463 0.306424 0.823463 0.305703 0.823637 0.305462 0.824161 0.305462 0.824161 0.304740 0.824336 0.304500 0.824860 0.304500 0.824860 0.303778 0.822939 0.303778 0.822764 0.303537 0.822764 0.302815 0.820842 0.302815 0.820667 0.302575 0.820667 0.301853
0 0.676188 0.301853 0.676188 0.304500 0.676712 0.304500 0.676887 0.304740 0.676887 0.307387 0.677411 0.307387 0.677586 0.307628 0.677586 0.309312 0.678110 0.309312 0.678284 0.309552 0.678284 0.313162 0.679507 0.313162 0.679507 0.312440 0.679682 0.312199 0.680206 0.312199 0.680206 0.310515 0.679682 0.310515 0.679507 0.310274 0.679507 0.309552 0.678983 0.309552 0.678809 0.309312 0.678809 0.306665 0.678983 0.306424 0.679507 0.306424 0.679507 0.305703 0.679682 0.305462 0.680206 0.305462 0.680206 0.304740 0.680381 0.304500 0.682303 0.304500 0.682477 0.304740 0.682477 0.305462 0.683001 0.305462 0.683176 0.305703 0.683176 0.306424 0.684399 0.306424 0.684399 0.305703 0.684574 0.305462 0.685098 0.305462 0.685098 0.304740 0.685273 0.304500 0.685797 0.304500 0.685797 0.303778 0.683875 0.303778 0.683700 0.303537 0.683700 0.302815 0.681778 0.302815 0.681604 0.302575 0.681604 0.301853
0 0.537124 0.301853 0.537124 0.304500 0.537648 0.304500 0.537823 0.304740 0.537823 0.307387 0.538347 0.307387 0.538522 0.307628 0.538522 0.309312 0.539046 0.309312 0.539221 0.309552 0.539221 0.313162 0.540444 0.313162 0.540444 0.312440 0.540618 0.312199 0.541143 0.312199 0.541143 0.310515 0.540618 0.310515 0.540444 0.310274 0.540444 0.309552 0.539920 0.309552 0.539745 0.309312 0.539745 0.306665 0.539920 0.306424 0.540444 0.306424 0.540444 0.305703 0.540618 0.305462 0.541143 0.305462 0.541143 0.304740 0.541317 0.304500 0.543239 0.304500 0.543414 0.304740 0.543414 0.305462 0.543938 0.305462 0.544113 0.305703 0.544113 0.306424 0.545335 0.306424 0.545335 0.305703 0.545510 0.305462 0.546034 0.305462 0.546034 0.304740 0.546209 0.304500 0.546733 0.304500 0.546733 0.303778 0.544811 0.303778 0.544637 0.303537 0.544637 0.302815 0.542715 0.302815 0.542540 0.302575 0.542540 0.301853
0 0.398061 0.301853 0.398061 0.304500 0.398585 0.304500 0.398760 0.304740 0.398760 0.307387 0.399284 0.307387 0.399458 0.307628 0.399458 0.309312 0.399983 0.309312 0.400157 0.309552 0.400157 0.313162 0.401380 0.313162 0.401380 0.312440 0.401555 0.312199 0.402079 0.312199 0.402079 0.310515 0.401555 0.310515 0.401380 0.310274 0.401380 0.309552 0.400856 0.309552 0.400681 0.309312 0.400681 0.306665 0.400856 0.306424 0.401380 0.306424 0.401380 0.305703 0.401555 0.305462 0.402079 0.305462 0.402079 0.304740 0.402254 0.304500 0.404175 0.304500 0.404350 0.304740 0.404350 0.305462 0.404874 0.305462 0.405049 0.305703 0.405049 0.306424 0.406272 0.306424 0.406272 0.305703 0.406447 0.305462 0.406971 0.305462 0.406971 0.304740 0.407145 0.304500 0.407669 0.304500 0.407669 0.303778 0.405748 0.303778 0.405573 0.303537 0.405573 0.302815 0.403651 0.302815 0.403477 0.302575 0.403477 0.301853
0 0.258298 0.301853 0.258298 0.304500 0.258823 0.304500 0.258997 0.304740 0.258997 0.307387 0.259521 0.307387 0.259696 0.307628 0.259696 0.309312 0.260220 0.309312 0.260395 0.309552 0.260395 0.313162 0.261618 0.313162 0.261618 0.312440 0.261792 0.312199 0.262317 0.312199 0.262317 0.310515 0.261792 0.310515 0.261618 0.310274 0.261618 0.309552 0.261094 0.309552 0.260919 0.309312 0.260919 0.306665 0.261094 0.306424 0.261618 0.306424 0.261618 0.305703 0.261792 0.305462 0.262317 0.305462 0.262317 0.304740 0.262491 0.304500 0.264413 0.304500 0.264588 0.304740 0.264588 0.305462 0.265112 0.305462 0.265287 0.305703 0.265287 0.306424 0.266509 0.306424 0.266509 0.305703 0.266684 0.305462 0.267208 0.305462 0.267208 0.304740 0.267383 0.304500 0.267907 0.304500 0.267907 0.303778 0.265985 0.303778 0.265811 0.303537 0.265811 0.302815 0.263889 0.302815 0.263714 0.302575 0.263714 0.301853
0 0.119235 0.301853 0.119235 0.304500 0.119759 0.304500 0.119934 0.304740 0.119934 0.307387 0.120458 0.307387 0.120632 0.307628 0.120632 0.309312 0.121157 0.309312 0.121331 0.309552 0.121331 0.313162 0.122554 0.313162 0.122554 0.312440 0.122729 0.312199 0.123253 0.312199 0.123253 0.310515 0.122729 0.310515 0.122554 0.310274 0.122554 0.309552 0.122030 0.309552 0.121855 0.309312 0.121855 0.306665 0.122030 0.306424 0.122554 0.306424 0.122554 0.305703 0.122729 0.305462 0.123253 0.305462 0.123253 0.304740 0.123428 0.304500 0.125349 0.304500 0.125524 0.304740 0.125524 0.305462 0.126048 0.305462 0.126223 0.305703 0.126223 0.306424 0.127446 0.306424 0.127446 0.305703 0.127621 0.305462 0.128145 0.305462 0.128145 0.304740 0.128319 0.304500 0.128843 0.304500 0.128843 0.303778 0.126922 0.303778 0.126747 0.303537 0.126747 0.302815 0.124825 0.302815 0.124651 0.302575 0.124651 0.301853
0 0.968816 0.292228 0.968291 0.292228 0.968291 0.296800 0.968117 0.297040 0.967593 0.297040 0.967593 0.298725 0.968117 0.298725 0.968117 0.298003 0.968291 0.297762 0.968816 0.297762 0.968816 0.297040 0.968990 0.296800 0.969514 0.296800 0.969514 0.296078 0.969689 0.295837 0.970213 0.295837 0.970213 0.294153 0.969689 0.294153 0.969514 0.293912 0.969514 0.293191 0.968990 0.293191 0.968816 0.292950
0 0.829752 0.292228 0.829228 0.292228 0.829228 0.296800 0.829053 0.297040 0.828529 0.297040 0.828529 0.298725 0.829053 0.298725 0.829053 0.298003 0.829228 0.297762 0.829752 0.297762 0.829752 0.297040 0.829927 0.296800 0.830451 0.296800 0.830451 0.296078 0.830625 0.295837 0.831150 0.295837 0.831150 0.294153 0.830625 0.294153 0.830451 0.293912 0.830451 0.293191 0.829927 0.293191 0.829752 0.292950
0 0.690688 0.292228 0.690164 0.292228 0.690164 0.296800 0.689990 0.297040 0.689465 0.297040 0.689465 0.298725 0.689990 0.298725 0.689990 0.298003 0.690164 0.297762 0.690688 0.297762 0.690688 0.297040 0.690863 0.296800 0.691387 0.296800 0.691387 0.296078 0.691562 0.295837 0.692086 0.295837 0.692086 0.294153 0.691562 0.294153 0.691387 0.293912 0.691387 0.293191 0.690863 0.293191 0.690688 0.292950
0 0.551625 0.292228 0.551101 0.292228 0.551101 0.296800 0.550926 0.297040 0.550402 0.297040 0.550402 0.298725 0.550926 0.298725 0.550926 0.298003 0.551101 0.297762 0.551625 0.297762 0.551625 0.297040 0.551799 0.296800 0.552324 0.296800 0.552324 0.296078 0.552498 0.295837 0.553022 0.295837 0.553022 0.294153 0.552498 0.294153 0.552324 0.293912 0.552324 0.293191 0.551799 0.293191 0.551625 0.292950
0 0.412561 0.292228 0.412037 0.292228 0.412037 0.296800 0.411862 0.297040 0.411338 0.297040 0.411338 0.298725 0.411862 0.298725 0.411862 0.298003 0.412037 0.297762 0.412561 0.297762 0.412561 0.297040 0.412736 0.296800 0.413260 0.296800 0.413260 0.296078 0.413435 0.295837 0.413959 0.295837 0.413959 0.294153 0.413435 0.294153 0.413260 0.293912 0.413260 0.293191 0.412736 0.293191 0.412561 0.292950
0 0.272799 0.292228 0.272275 0.292228 0.272275 0.296800 0.272100 0.297040 0.271576 0.297040 0.271576 0.298725 0.272100 0.298725 0.272100 0.298003 0.272275 0.297762 0.272799 0.297762 0.272799 0.297040 0.272973 0.296800 0.273498 0.296800 0.273498 0.296078 0.273672 0.295837 0.274196 0.295837 0.274196 0.294153 0.273672 0.294153 0.273498 0.293912 0.273498 0.293191 0.272973 0.293191 0.272799 0.292950
0 0.133735 0.292228 0.133211 0.292228 0.133211 0.296800 0.133036 0.297040 0.132512 0.297040 0.132512 0.298725 0.133036 0.298725 0.133036 0.298003 0.133211 0.297762 0.133735 0.297762 0.133735 0.297040 0.133910 0.296800 0.134434 0.296800 0.134434 0.296078 0.134609 0.295837 0.135133 0.295837 0.135133 0.294153 0.134609 0.294153 0.134434 0.293912 0.134434 0.293191 0.133910 0.293191 0.133735 0.292950
0 0.959906 0.289341 0.959906 0.290063 0.959731 0.290303 0.959207 0.290303 0.959207 0.291025 0.959032 0.291266 0.958508 0.291266 0.958508 0.291987 0.958333 0.292228 0.957809 0.292228 0.957809 0.292950 0.959032 0.292950 0.959207 0.293191 0.959207 0.293912 0.960430 0.293912 0.960604 0.294153 0.960604 0.294875 0.961129 0.294875 0.961303 0.295116 0.961303 0.295837 0.961827 0.295837 0.962002 0.296078 0.962002 0.296800 0.962526 0.296800 0.962701 0.297040 0.962701 0.297762 0.963225 0.297762 0.963400 0.298003 0.963400 0.298725 0.964623 0.298725 0.964623 0.298003 0.964797 0.297762 0.965321 0.297762 0.965321 0.297040 0.964797 0.297040 0.964623 0.296800 0.964623 0.296078 0.963400 0.296078 0.963225 0.295837 0.963225 0.295116 0.962701 0.295116 0.962526 0.294875 0.962526 0.293191 0.962002 0.293191 0.961827 0.292950 0.961827 0.292228 0.961303 0.292228 0.961129 0.291987 0.961129 0.291266 0.960604 0.291266 0.960430 0.291025 0.960430 0.289341
0 0.820842 0.289341 0.820842 0.290063 0.820667 0.290303 0.820143 0.290303 0.820143 0.291025 0.819969 0.291266 0.819444 0.291266 0.819444 0.291987 0.819270 0.292228 0.818746 0.292228 0.818746 0.292950 0.819969 0.292950 0.820143 0.293191 0.820143 0.293912 0.821366 0.293912 0.821541 0.294153 0.821541 0.294875 0.822065 0.294875 0.822240 0.295116 0.822240 0.295837 0.822764 0.295837 0.822939 0.296078 0.822939 0.296800 0.823463 0.296800 0.823637 0.297040 0.823637 0.297762 0.824161 0.297762 0.824336 0.298003 0.824336 0.298725 0.825559 0.298725 0.825559 0.298003 0.825734 0.297762 0.826258 0.297762 0.826258 0.297040 0.825734 0.297040 0.825559 0.296800 0.825559 0.296078 0.824336 0.296078 0.824161 0.295837 0.824161 0.295116 0.823637 0.295116 0.823463 0.294875 0.823463 0.293191 0.822939 0.293191 0.822764 0.292950 0.822764 0.292228 0.822240 0.292228 0.822065 0.291987 0.822065 0.291266 0.821541 0.291266 0.821366 0.291025 0.821366 0.289341
0 0.681778 0.289341 0.681778 0.290063 0.681604 0.290303 0.681080 0.290303 0.681080 0.291025 0.680905 0.291266 0.680381 0.291266 0.680381 0.291987 0.680206 0.292228 0.679682 0.292228 0.679682 0.292950 0.680905 0.292950 0.681080 0.293191 0.681080 0.293912 0.682303 0.293912 0.682477 0.294153 0.682477 0.294875 0.683001 0.294875 0.683176 0.295116 0.683176 0.295837 0.683700 0.295837 0.683875 0.296078 0.683875 0.296800 0.684399 0.296800 0.684574 0.297040 0.684574 0.297762 0.685098 0.297762 0.685273 0.298003 0.685273 0.298725 0.686495 0.298725 0.686495 0.298003 0.686670 0.297762 0.687194 0.297762 0.687194 0.297040 0.686670 0.297040 0.686495 0.296800 0.686495 0.296078 0.685273 0.296078 0.685098 0.295837 0.685098 0.295116 0.684574 0.295116 0.684399 0.294875 0.684399 0.293191 0.683875 0.293191 0.683700 0.292950 0.683700 0.292228 0.683176 0.292228 0.683001 0.291987 0.683001 0.291266 0.682477 0.291266 0.682303 0.291025 0.682303 0.289341
0 0.542715 0.289341 0.542715 0.290063 0.542540 0.290303 0.542016 0.290303 0.542016 0.291025 0.541841 0.291266 0.541317 0.291266 0.541317 0.291987 0.541143 0.292228 0.540618 0.292228 0.540618 0.292950 0.541841 0.292950 0.542016 0.293191 0.542016 0.293912 0.543239 0.293912 0.543414 0.294153 0.543414 0.294875 0.543938 0.294875 0.544113 0.295116 0.544113 0.295837 0.544637 0.295837 0.544811 0.296078 0.544811 0.296800 0.545335 0.296800 0.545510 0.297040 0.545510 0.297762 0.546034 0.297762 0.546209 0.298003 0.546209 0.298725 0.547432 0.298725 0.547432 0.298003 0.547607 0.297762 0.548131 0.297762 0.548131 0.297040 0.547607 0.297040 0.547432 0.296800 0.547432 0.296078 0.546209 0.296078 0.546034 0.295837 0.546034 0.295116 0.545510 0.295116 0.545335 0.294875 0.545335 0.293191 0.544811 0.293191 0.544637 0.292950 0.544637 0.292228 0.544113 0.292228 0.543938 0.291987 0.543938 0.291266 0.543414 0.291266 0.543239 0.291025 0.543239 0.289341
0 0.403651 0.289341 0.403651 0.290063 0.403477 0.290303 0.402952 0.290303 0.402952 0.291025 0.402778 0.291266 0.402254 0.291266 0.402254 0.291987 0.402079 0.292228 0.401555 0.292228 0.401555 0.292950 0.402778 0.292950 0.402952 0.293191 0.402952 0.293912 0.404175 0.293912 0.404350 0.294153 0.404350 0.294875 0.404874 0.294875 0.405049 0.295116 0.405049 0.295837 0.405573 0.295837 0.405748 0.296078 0.405748 0.296800 0.406272 0.296800 0.406447 0.297040 0.406447 0.297762 0.406971 0.297762 0.407145 0.298003 0.407145 0.298725 0.408368 0.298725 0.408368 0.298003 0.408543 0.297762 0.409067 0.297762 0.409067 0.297040 0.408543 0.297040 0.408368 0.296800 0.408368 0.296078 0.407145 0.296078 0.406971 0.295837 0.406971 0.295116 0.406447 0.295116 0.406272 0.294875 0.406272 0.293191 0.405748 0.293191 0.405573 0.292950 0.405573 0.292228 0.405049 0.292228 0.404874 0.291987 0.404874 0.291266 0.404350 0.291266 0.404175 0.291025 0.404175 0.289341
0 0.263889 0.289341 0.263889 0.290063 0.263714 0.290303 0.263190 0.290303 0.263190 0.291025 0.263015 0.291266 0.262491 0.291266 0.262491 0.291987 0.262317 0.292228 0.261792 0.292228 0.261792 0.292950 0.263015 0.292950 0.263190 0.293191 0.263190 0.293912 0.264413 0.293912 0.264588 0.294153 0.264588 0.294875 0.265112 0.294875 0.265287 0.295116 0.265287 0.295837 0.265811 0.295837 0.265985 0.296078 0.265985 0.296800 0.266509 0.296800 0.266684 0.297040 0.266684 0.297762 0.267208 0.297762 0.267383 0.298003 0.267383 0.298725 0.268606 0.298725 0.268606 0.298003 0.268781 0.297762 0.269305 0.297762 0.269305 0.297040 0.268781 0.297040 0.268606 0.296800 0.268606 0.296078 0.267383 0.296078 0.267208 0.295837 0.267208 0.295116 0.266684 0.295116 0.266509 0.294875 0.266509 0.293191 0.265985 0.293191 0.265811 0.292950 0.265811 0.292228 0.265287 0.292228 0.265112 0.291987 0.265112 0.291266 0.264588 0.291266 0.264413 0.291025 0.264413 0.289341
0 0.124825 0.289341 0.124825 0.290063 0.124651 0.290303 0.124126 0.290303 0.124126 0.291025 0.123952 0.291266 0.123428 0.291266 0.123428 0.291987 0.123253 0.292228 0.122729 0.292228 0.122729 0.292950 0.123952 0.292950 0.124126 0.293191 0.124126 0.293912 0.125349 0.293912 0.125524 0.294153 0.125524 0.294875 0.126048 0.294875 0.126223 0.295116 0.126223 0.295837 0.126747 0.295837 0.126922 0.296078 0.126922 0.296800 0.127446 0.296800 0.127621 0.297040 0.127621 0.297762 0.128145 0.297762 0.128319 0.298003 0.128319 0.298725 0.129542 0.298725 0.129542 0.298003 0.129717 0.297762 0.130241 0.297762 0.130241 0.297040 0.129717 0.297040 0.129542 0.296800 0.129542 0.296078 0.128319 0.296078 0.128145 0.295837 0.128145 0.295116 0.127621 0.295116 0.127446 0.294875 0.127446 0.293191 0.126922 0.293191 0.126747 0.292950 0.126747 0.292228 0.126223 0.292228 0.126048 0.291987 0.126048 0.291266 0.125524 0.291266 0.125349 0.291025 0.125349 0.289341
